month,sector6_code,sector6_label,ces_payroll_employment_thousands,ces_avg_weekly_hours,payroll_index_aug2023_100,hours_index_aug2023_100,employment_series_id,hours_series_id
2019-01,MFG,Manufacturing,12790.0,40.8,99.44794339475935,102.0,CES3000000001,CES3000000002
2019-01,INF,Information,2842.0,36.2,95.33713518953371,98.63760217983652,CES5000000001,CES5000000002
2019-01,FAS,Financial activities,8672.0,37.7,94.33264440335037,101.07238605898125,CES5500000001,CES5500000002
2019-01,PBS,Professional and business services,21201.0,36.3,93.11753338018272,99.72527472527473,CES6000000001,CES6000000002
2019-01,HCS,Health care and social assistance,23902.0,33.0,93.57187597870342,98.80239520958084,CES6500000001,CES6500000002
2019-01,RET,Retail trade,15617.4,30.7,100.55501184712064,102.67558528428094,CES4200000001,CES4200000002
2019-02,MFG,Manufacturing,12782.0,40.6,99.38573983360547,101.50000000000001,CES3000000001,CES3000000002
2019-02,INF,Information,2843.0,36.2,95.37068097953707,98.63760217983652,CES5000000001,CES5000000002
2019-02,FAS,Financial activities,8685.0,37.7,94.47405634722071,101.07238605898125,CES5500000001,CES5500000002
2019-02,PBS,Professional and business services,21230.0,36.2,93.24490513000703,99.45054945054946,CES6000000001,CES6000000002
2019-02,HCS,Health care and social assistance,23923.0,33.0,93.65408706545568,98.80239520958084,CES6500000001,CES6500000002
2019-02,RET,Retail trade,15586.7,30.6,100.35734521479344,102.34113712374584,CES4200000001,CES4200000002
2019-03,MFG,Manufacturing,12788.0,40.7,99.43239250447088,101.75,CES3000000001,CES3000000002
2019-03,INF,Information,2849.0,36.3,95.5719557195572,98.9100817438692,CES5000000001,CES5000000002
2019-03,FAS,Financial activities,8705.0,37.7,94.6916131839443,101.07238605898125,CES5500000001,CES5500000002
2019-03,PBS,Professional and business services,21258.0,36.2,93.36788475052705,99.45054945054946,CES6000000001,CES6000000002
2019-03,HCS,Health care and social assistance,23988.0,33.0,93.90854995302223,98.80239520958084,CES6500000001,CES6500000002
2019-03,RET,Retail trade,15574.1,30.7,100.27621819305656,102.67558528428094,CES4200000001,CES4200000002
2019-04,MFG,Manufacturing,12785.0,40.6,99.40906616903817,101.50000000000001,CES3000000001,CES3000000002
2019-04,INF,Information,2846.0,36.2,95.47131834954713,98.63760217983652,CES5000000001,CES5000000002
2019-04,FAS,Financial activities,8721.0,37.6,94.86565865332318,100.80428954423593,CES5500000001,CES5500000002
2019-04,PBS,Professional and business services,21315.0,36.2,93.6182361208714,99.45054945054946,CES6000000001,CES6000000002
2019-04,HCS,Health care and social assistance,24054.0,33.0,94.16692765424366,98.80239520958084,CES6500000001,CES6500000002
2019-04,RET,Retail trade,15571.6,30.7,100.26012156175956,102.67558528428094,CES4200000001,CES4200000002
2019-05,MFG,Manufacturing,12778.0,40.6,99.35463805302854,101.50000000000001,CES3000000001,CES3000000002
2019-05,INF,Information,2858.0,36.4,95.87386782958738,99.18256130790189,CES5000000001,CES5000000002
2019-05,FAS,Financial activities,8733.0,37.6,94.99619275535733,100.80428954423593,CES5500000001,CES5500000002
2019-05,PBS,Professional and business services,21356.0,36.2,93.79831342234716,99.45054945054946,CES6000000001,CES6000000002
2019-05,HCS,Health care and social assistance,24090.0,33.0,94.30786094581897,98.80239520958084,CES6500000001,CES6500000002
2019-05,RET,Retail trade,15554.2,30.6,100.14808900793241,102.34113712374584,CES4200000001,CES4200000002
2019-06,MFG,Manufacturing,12787.0,40.7,99.42461705932665,101.75,CES3000000001,CES3000000002
2019-06,INF,Information,2875.0,36.4,96.44414625964441,99.18256130790189,CES5000000001,CES5000000002
2019-06,FAS,Financial activities,8748.0,37.5,95.15936038290003,100.53619302949062,CES5500000001,CES5500000002
2019-06,PBS,Professional and business services,21402.0,36.2,94.00035137034435,99.45054945054946,CES6000000001,CES6000000002
2019-06,HCS,Health care and social assistance,24135.0,33.0,94.48402756028813,98.80239520958084,CES6500000001,CES6500000002
2019-06,RET,Retail trade,15533.2,30.7,100.0128773050376,102.67558528428094,CES4200000001,CES4200000002
2019-07,MFG,Manufacturing,12790.0,40.4,99.44794339475935,101.0,CES3000000001,CES3000000002
2019-07,INF,Information,2866.0,36.1,96.14223414961423,98.36512261580381,CES5000000001,CES5000000002
2019-07,FAS,Financial activities,8771.0,37.6,95.40955074513217,100.80428954423593,CES5500000001,CES5500000002
2019-07,PBS,Professional and business services,21421.0,36.1,94.0838018271258,99.17582417582418,CES6000000001,CES6000000002
2019-07,HCS,Health care and social assistance,24181.0,33.0,94.66410898841215,98.80239520958084,CES6500000001,CES6500000002
2019-07,RET,Retail trade,15533.3,30.7,100.01352117028948,102.67558528428094,CES4200000001,CES4200000002
2019-08,MFG,Manufacturing,12789.0,40.5,99.44016794961512,101.25,CES3000000001,CES3000000002
2019-08,INF,Information,2865.0,36.5,96.10868835961087,99.4550408719346,CES5000000001,CES5000000002
2019-08,FAS,Financial activities,8785.0,37.7,95.56184053083868,101.07238605898125,CES5500000001,CES5500000002
2019-08,PBS,Professional and business services,21455.0,36.2,94.23313422347154,99.45054945054946,CES6000000001,CES6000000002
2019-08,HCS,Health care and social assistance,24246.0,33.0,94.91857187597871,98.80239520958084,CES6500000001,CES6500000002
2019-08,RET,Retail trade,15516.7,30.7,99.90663953847738,102.67558528428094,CES4200000001,CES4200000002
2019-09,MFG,Manufacturing,12787.0,40.5,99.42461705932665,101.25,CES3000000001,CES3000000002
2019-09,INF,Information,2871.0,36.5,96.30996309963099,99.4550408719346,CES5000000001,CES5000000002
2019-09,FAS,Financial activities,8785.0,37.6,95.56184053083868,100.80428954423593,CES5500000001,CES5500000002
2019-09,PBS,Professional and business services,21465.0,36.1,94.27705551651441,99.17582417582418,CES6000000001,CES6000000002
2019-09,HCS,Health care and social assistance,24288.0,32.9,95.08299404948325,98.50299401197606,CES6500000001,CES6500000002
2019-09,RET,Retail trade,15526.5,30.7,99.96973833316163,102.67558528428094,CES4200000001,CES4200000002
2019-10,MFG,Manufacturing,12733.0,40.3,99.00474302153798,100.74999999999999,CES3000000001,CES3000000002
2019-10,INF,Information,2874.0,36.4,96.41060046964107,99.18256130790189,CES5000000001,CES5000000002
2019-10,FAS,Financial activities,8801.0,37.7,95.73588600021755,101.07238605898125,CES5500000001,CES5500000002
2019-10,PBS,Professional and business services,21476.0,36.1,94.32536893886156,99.17582417582418,CES6000000001,CES6000000002
2019-10,HCS,Health care and social assistance,24328.0,33.0,95.23958659567805,98.80239520958084,CES6500000001,CES6500000002
2019-10,RET,Retail trade,15527.2,30.6,99.9742453899248,102.34113712374584,CES4200000001,CES4200000002
2019-11,MFG,Manufacturing,12777.0,40.5,99.3468626078843,101.25,CES3000000001,CES3000000002
2019-11,INF,Information,2885.0,36.3,96.77960415967796,98.9100817438692,CES5000000001,CES5000000002
2019-11,FAS,Financial activities,8813.0,37.7,95.86642010225171,101.07238605898125,CES5500000001,CES5500000002
2019-11,PBS,Professional and business services,21487.0,36.1,94.37368236120871,99.17582417582418,CES6000000001,CES6000000002
2019-11,HCS,Health care and social assistance,24391.0,33.0,95.48621985593486,98.80239520958084,CES6500000001,CES6500000002
2019-11,RET,Retail trade,15509.6,30.2,99.8609251055939,101.00334448160535,CES4200000001,CES4200000002
2019-12,MFG,Manufacturing,12760.0,40.5,99.21468004043231,101.25,CES3000000001,CES3000000002
2019-12,INF,Information,2891.0,36.1,96.98087889969808,98.36512261580381,CES5000000001,CES5000000002
2019-12,FAS,Financial activities,8822.0,37.5,95.96432067877733,100.53619302949062,CES5500000001,CES5500000002
2019-12,PBS,Professional and business services,21467.0,36.1,94.28583977512298,99.17582417582418,CES6000000001,CES6000000002
2019-12,HCS,Health care and social assistance,24428.0,33.0,95.63106796116504,98.80239520958084,CES6500000001,CES6500000002
2019-12,RET,Retail trade,15550.1,30.6,100.12169053260533,102.34113712374584,CES4200000001,CES4200000002
2020-01,MFG,Manufacturing,12745.0,40.3,99.0980483632688,100.74999999999999,CES3000000001,CES3000000002
2020-01,INF,Information,2901.0,36.2,97.31633679973163,98.63760217983652,CES5000000001,CES5000000002
2020-01,FAS,Financial activities,8833.0,37.7,96.0839769389753,101.07238605898125,CES5500000001,CES5500000002
2020-01,PBS,Professional and business services,21476.0,36.0,94.32536893886156,98.9010989010989,CES6000000001,CES6000000002
2020-01,HCS,Health care and social assistance,24510.0,33.0,95.9520826808644,98.80239520958084,CES6500000001,CES6500000002
2020-01,RET,Retail trade,15512.5,30.4,99.87959719789842,101.67224080267559,CES4200000001,CES4200000002
2020-02,MFG,Manufacturing,12743.0,40.5,99.08249747298032,101.25,CES3000000001,CES3000000002
2020-02,INF,Information,2910.0,36.3,97.61824890976183,98.9100817438692,CES5000000001,CES5000000002
2020-02,FAS,Financial activities,8872.0,37.6,96.50821277058631,100.80428954423593,CES5500000001,CES5500000002
2020-02,PBS,Professional and business services,21483.0,36.1,94.35611384399157,99.17582417582418,CES6000000001,CES6000000002
2020-02,HCS,Health care and social assistance,24573.0,33.0,96.19871594112121,98.80239520958084,CES6500000001,CES6500000002
2020-02,RET,Retail trade,15519.2,30.6,99.92273616977438,102.34113712374584,CES4200000001,CES4200000002
2020-03,MFG,Manufacturing,12684.0,40.3,98.6237462094705,100.74999999999999,CES3000000001,CES3000000002
2020-03,INF,Information,2902.0,36.3,97.34988258973499,98.9100817438692,CES5000000001,CES5000000002
2020-03,FAS,Financial activities,8855.0,37.6,96.32328945937127,100.80428954423593,CES5500000001,CES5500000002
2020-03,PBS,Professional and business services,21388.0,36.0,93.93886156008433,98.9010989010989,CES6000000001,CES6000000002
2020-03,HCS,Health care and social assistance,24356.0,32.8,95.3492013780144,98.20359281437125,CES6500000001,CES6500000002
2020-03,RET,Retail trade,15432.9,30.6,99.36708045740187,102.34113712374584,CES4200000001,CES4200000002
2020-04,MFG,Manufacturing,11382.0,38.0,88.50011663167716,95.0,CES3000000001,CES3000000002
2020-04,INF,Information,2643.0,36.5,88.66152297886615,99.4550408719346,CES5000000001,CES5000000002
2020-04,FAS,Financial activities,8592.0,37.6,93.462417056456,100.80428954423593,CES5500000001,CES5500000002
2020-04,PBS,Professional and business services,19223.0,35.9,84.42990161630358,98.62637362637363,CES6000000001,CES6000000002
2020-04,HCS,Health care and social assistance,21742.0,32.7,85.11587848418415,97.90419161676648,CES6500000001,CES6500000002
2020-04,RET,Retail trade,13246.9,30.5,85.29218605130318,102.0066889632107,CES4200000001,CES4200000002
2020-05,MFG,Manufacturing,11610.0,38.7,90.27291812456262,96.75,CES3000000001,CES3000000002
2020-05,INF,Information,2609.0,36.6,87.5209661187521,99.72752043596729,CES5000000001,CES5000000002
2020-05,FAS,Financial activities,8607.0,37.7,93.6255846839987,101.07238605898125,CES5500000001,CES5500000002
2020-05,PBS,Professional and business services,19410.0,36.5,85.2512297962052,100.27472527472527,CES6000000001,CES6000000002
2020-05,HCS,Health care and social assistance,22150.0,32.9,86.71312245537112,98.50299401197606,CES6500000001,CES6500000002
2020-05,RET,Retail trade,13631.4,31.2,87.7678479447821,104.34782608695652,CES4200000001,CES4200000002
2020-06,MFG,Manufacturing,11950.0,39.1,92.91656947360237,97.75,CES3000000001,CES3000000002
2020-06,INF,Information,2622.0,36.6,87.95706138879571,99.72752043596729,CES5000000001,CES5000000002
2020-06,FAS,Financial activities,8622.0,37.5,93.78875231154139,100.53619302949062,CES5500000001,CES5500000002
2020-06,PBS,Professional and business services,19768.0,36.4,86.82361208713985,100.0,CES6000000001,CES6000000002
2020-06,HCS,Health care and social assistance,22727.0,33.1,88.97196993423113,99.10179640718565,CES6500000001,CES6500000002
2020-06,RET,Retail trade,14452.3,31.1,93.05333779746574,104.01337792642143,CES4200000001,CES4200000002
2020-07,MFG,Manufacturing,11973.0,39.8,93.09540471191976,99.49999999999999,CES3000000001,CES3000000002
2020-07,INF,Information,2622.0,36.1,87.95706138879571,98.36512261580381,CES5000000001,CES5000000002
2020-07,FAS,Financial activities,8623.0,37.6,93.79963015337756,100.80428954423593,CES5500000001,CES5500000002
2020-07,PBS,Professional and business services,19953.0,36.5,87.63615600843289,100.27472527472527,CES6000000001,CES6000000002
2020-07,HCS,Health care and social assistance,22923.0,33.4,89.73927341058565,100.0,CES6500000001,CES6500000002
2020-07,RET,Retail trade,14675.8,30.7,94.49237663541773,102.67558528428094,CES4200000001,CES4200000002
2020-08,MFG,Manufacturing,11999.0,40.1,93.29756628566986,100.25,CES3000000001,CES3000000002
2020-08,INF,Information,2640.0,36.7,88.56088560885608,100.0,CES5000000001,CES5000000002
2020-08,FAS,Financial activities,8649.0,37.6,94.08245404111824,100.80428954423593,CES5500000001,CES5500000002
2020-08,PBS,Professional and business services,20147.0,36.6,88.48822909346451,100.54945054945054,CES6000000001,CES6000000002
2020-08,HCS,Health care and social assistance,23124.0,33.4,90.52615095521453,100.0,CES6500000001,CES6500000002
2020-08,RET,Retail trade,14942.7,30.8,96.21085299268569,103.01003344481605,CES4200000001,CES4200000002
2020-09,MFG,Manufacturing,12057.0,40.2,93.74854210403547,100.50000000000001,CES3000000001,CES3000000002
2020-09,INF,Information,2695.0,36.7,90.40590405904058,100.0,CES5000000001,CES5000000002
2020-09,FAS,Financial activities,8674.0,37.7,94.35440008702274,101.07238605898125,CES5500000001,CES5500000002
2020-09,PBS,Professional and business services,20267.0,36.5,89.01528460997892,100.27472527472527,CES6000000001,CES6000000002
2020-09,HCS,Health care and social assistance,23189.0,33.5,90.7806138427811,100.2994011976048,CES6500000001,CES6500000002
2020-09,RET,Retail trade,14981.1,30.9,96.45809724940764,103.34448160535116,CES4200000001,CES4200000002
2020-10,MFG,Manufacturing,12086.0,40.5,93.97403001321825,101.25,CES3000000001,CES3000000002
2020-10,INF,Information,2684.0,36.8,90.03690036900369,100.2724795640327,CES5000000001,CES5000000002
2020-10,FAS,Financial activities,8691.0,37.7,94.53932339823778,101.07238605898125,CES5500000001,CES5500000002
2020-10,PBS,Professional and business services,20455.0,36.7,89.84100491918483,100.82417582417584,CES6000000001,CES6000000002
2020-10,HCS,Health care and social assistance,23278.0,33.5,91.12903225806451,100.2994011976048,CES6500000001,CES6500000002
2020-10,RET,Retail trade,15090.3,30.8,97.1611981044607,103.01003344481605,CES4200000001,CES4200000002
2020-11,MFG,Manufacturing,12118.0,40.4,94.22284425783376,101.0,CES3000000001,CES3000000002
2020-11,INF,Information,2696.0,37.0,90.43944984904394,100.8174386920981,CES5000000001,CES5000000002
2020-11,FAS,Financial activities,8706.0,37.7,94.70249102578049,101.07238605898125,CES5500000001,CES5500000002
2020-11,PBS,Professional and business services,20602.0,36.7,90.48664792691497,100.82417582417584,CES6000000001,CES6000000002
2020-11,HCS,Health care and social assistance,23337.0,33.5,91.36000626370185,100.2994011976048,CES6500000001,CES6500000002
2020-11,RET,Retail trade,15126.8,30.8,97.39620892139692,103.01003344481605,CES4200000001,CES4200000002
2020-12,MFG,Manufacturing,12153.0,40.2,94.49498483788197,100.50000000000001,CES3000000001,CES3000000002
2020-12,INF,Information,2712.0,37.1,90.97618248909762,101.08991825613079,CES5000000001,CES5000000002
2020-12,FAS,Financial activities,8718.0,37.8,94.83302512781464,101.34048257372655,CES5500000001,CES5500000002
2020-12,PBS,Professional and business services,20770.0,36.7,91.22452565003513,100.82417582417584,CES6000000001,CES6000000002
2020-12,HCS,Health care and social assistance,23334.0,33.6,91.34826182273724,100.5988023952096,CES6500000001,CES6500000002
2020-12,RET,Retail trade,15144.2,30.5,97.50824147522407,102.0066889632107,CES4200000001,CES4200000002
2021-01,MFG,Manufacturing,12142.0,40.5,94.4094549412954,101.25,CES3000000001,CES3000000002
2021-01,INF,Information,2747.0,37.5,92.15028513921503,102.17983651226157,CES5000000001,CES5000000002
2021-01,FAS,Financial activities,8722.0,37.8,94.87653649515936,101.34048257372655,CES5500000001,CES5500000002
2021-01,PBS,Professional and business services,20922.0,36.9,91.89212930428671,101.37362637362637,CES6000000001,CES6000000002
2021-01,HCS,Health care and social assistance,23362.0,33.7,91.4578766050736,100.89820359281438,CES6500000001,CES6500000002
2021-01,RET,Retail trade,15165.9,30.7,97.64796023488204,102.67558528428094,CES4200000001,CES4200000002
2021-02,MFG,Manufacturing,12172.0,40.2,94.64271829562242,100.50000000000001,CES3000000001,CES3000000002
2021-02,INF,Information,2764.0,37.2,92.72056356927206,101.3623978201635,CES5000000001,CES5000000002
2021-02,FAS,Financial activities,8718.0,37.7,94.83302512781464,101.07238605898125,CES5500000001,CES5500000002
2021-02,PBS,Professional and business services,20999.0,36.4,92.2303232607168,100.0,CES6000000001,CES6000000002
2021-02,HCS,Health care and social assistance,23413.0,33.2,91.65753210147197,99.40119760479044,CES6500000001,CES6500000002
2021-02,RET,Retail trade,15188.9,30.5,97.79604924281445,102.0066889632107,CES4200000001,CES4200000002
2021-03,MFG,Manufacturing,12229.0,40.4,95.08591866884379,101.0,CES3000000001,CES3000000002
2021-03,INF,Information,2770.0,37.1,92.92183830929218,101.08991825613079,CES5000000001,CES5000000002
2021-03,FAS,Financial activities,8736.0,37.6,95.02882628086587,100.80428954423593,CES5500000001,CES5500000002
2021-03,PBS,Professional and business services,21109.0,36.7,92.71345748418834,100.82417582417584,CES6000000001,CES6000000002
2021-03,HCS,Health care and social assistance,23536.0,33.5,92.13905418102098,100.2994011976048,CES6500000001,CES6500000002
2021-03,RET,Retail trade,15232.8,30.7,98.07870608838981,102.67558528428094,CES4200000001,CES4200000002
2021-04,MFG,Manufacturing,12193.0,40.4,94.80600264365134,101.0,CES3000000001,CES3000000002
2021-04,INF,Information,2796.0,37.2,93.7940288493794,101.3623978201635,CES5000000001,CES5000000002
2021-04,FAS,Financial activities,8750.0,37.6,95.18111606657239,100.80428954423593,CES5500000001,CES5500000002
2021-04,PBS,Professional and business services,21103.0,36.7,92.68710470836261,100.82417582417584,CES6000000001,CES6000000002
2021-04,HCS,Health care and social assistance,23584.0,33.3,92.32696523645475,99.7005988023952,CES6500000001,CES6500000002
2021-04,RET,Retail trade,15189.4,30.9,97.79926856907386,103.34448160535116,CES4200000001,CES4200000002
2021-05,MFG,Manufacturing,12216.0,40.4,94.98483788196874,101.0,CES3000000001,CES3000000002
2021-05,INF,Information,2816.0,37.2,94.4649446494465,101.3623978201635,CES5000000001,CES5000000002
2021-05,FAS,Financial activities,8761.0,37.6,95.30077232677037,100.80428954423593,CES5500000001,CES5500000002
2021-05,PBS,Professional and business services,21176.0,36.8,93.00773014757554,101.0989010989011,CES6000000001,CES6000000002
2021-05,HCS,Health care and social assistance,23616.0,33.4,92.45223927341058,100.0,CES6500000001,CES6500000002
2021-05,RET,Retail trade,15191.5,30.9,97.81278973936334,103.34448160535116,CES4200000001,CES4200000002
2021-06,MFG,Manufacturing,12247.0,40.3,95.22587668144001,100.74999999999999,CES3000000001,CES3000000002
2021-06,INF,Information,2824.0,37.0,94.73331096947332,100.8174386920981,CES5000000001,CES5000000002
2021-06,FAS,Financial activities,8773.0,37.6,95.43130642880453,100.80428954423593,CES5500000001,CES5500000002
2021-06,PBS,Professional and business services,21257.0,36.6,93.36349262122276,100.54945054945054,CES6000000001,CES6000000002
2021-06,HCS,Health care and social assistance,23642.0,33.4,92.5540244284372,100.0,CES6500000001,CES6500000002
2021-06,RET,Retail trade,15244.8,30.9,98.15596991861543,103.34448160535116,CES4200000001,CES4200000002
2021-07,MFG,Manufacturing,12305.0,40.4,95.6768524998056,101.0,CES3000000001,CES3000000002
2021-07,INF,Information,2881.0,37.1,96.64542099966454,101.08991825613079,CES5000000001,CES5000000002
2021-07,FAS,Financial activities,8808.0,37.6,95.81203089307081,100.80428954423593,CES5500000001,CES5500000002
2021-07,PBS,Professional and business services,21418.0,36.8,94.07062543921293,101.0989010989011,CES6000000001,CES6000000002
2021-07,HCS,Health care and social assistance,23684.0,33.4,92.71844660194175,100.0,CES6500000001,CES6500000002
2021-07,RET,Retail trade,15238.2,30.7,98.11347481199134,102.67558528428094,CES4200000001,CES4200000002
2021-08,MFG,Manufacturing,12353.0,40.5,96.05007386672887,101.25,CES3000000001,CES3000000002
2021-08,INF,Information,2903.0,36.9,97.38342837973835,100.54495912806539,CES5000000001,CES5000000002
2021-08,FAS,Financial activities,8826.0,37.6,96.00783204612206,100.80428954423593,CES5500000001,CES5500000002
2021-08,PBS,Professional and business services,21535.0,36.6,94.58450456781448,100.54945054945054,CES6000000001,CES6000000002
2021-08,HCS,Health care and social assistance,23708.0,33.4,92.81240212965864,100.0,CES6500000001,CES6500000002
2021-08,RET,Retail trade,15216.0,30.8,97.97053672607396,103.01003344481605,CES4200000001,CES4200000002
2021-09,MFG,Manufacturing,12393.0,40.5,96.36109167249826,101.25,CES3000000001,CES3000000002
2021-09,INF,Information,2917.0,36.8,97.85306943978532,100.2724795640327,CES5000000001,CES5000000002
2021-09,FAS,Financial activities,8851.0,37.6,96.27977809202655,100.80428954423593,CES5500000001,CES5500000002
2021-09,PBS,Professional and business services,21636.0,36.7,95.02810962754744,100.82417582417584,CES6000000001,CES6000000002
2021-09,HCS,Health care and social assistance,23705.0,33.4,92.80065768869402,100.0,CES6500000001,CES6500000002
2021-09,RET,Retail trade,15280.1,30.7,98.38325435252911,102.67558528428094,CES4200000001,CES4200000002
2021-10,MFG,Manufacturing,12453.0,40.3,96.82761838115232,100.74999999999999,CES3000000001,CES3000000002
2021-10,INF,Information,2938.0,36.8,98.55753102985575,100.2724795640327,CES5000000001,CES5000000002
2021-10,FAS,Financial activities,8879.0,37.6,96.58435766343956,100.80428954423593,CES5500000001,CES5500000002
2021-10,PBS,Professional and business services,21873.0,36.7,96.06904427266339,100.82417582417584,CES6000000001,CES6000000002
2021-10,HCS,Health care and social assistance,23800.0,33.4,93.17256498590667,100.0,CES6500000001,CES6500000002
2021-10,RET,Retail trade,15348.1,30.7,98.82108272380756,102.67558528428094,CES4200000001,CES4200000002
2021-11,MFG,Manufacturing,12498.0,40.5,97.17751341264287,101.25,CES3000000001,CES3000000002
2021-11,INF,Information,2957.0,36.9,99.19490103991949,100.54495912806539,CES5000000001,CES5000000002
2021-11,FAS,Financial activities,8911.0,37.5,96.93244860219733,100.53619302949062,CES5500000001,CES5500000002
2021-11,PBS,Professional and business services,22019.0,36.7,96.71029515108924,100.82417582417584,CES6000000001,CES6000000002
2021-11,HCS,Health care and social assistance,23845.0,33.4,93.34873160037583,100.0,CES6500000001,CES6500000002
2021-11,RET,Retail trade,15407.0,31.2,99.20031935716493,104.34782608695652,CES4200000001,CES4200000002
2021-12,MFG,Manufacturing,12537.0,40.5,97.48075577326803,101.25,CES3000000001,CES3000000002
2021-12,INF,Information,2967.0,37.0,99.53035893995303,100.8174386920981,CES5000000001,CES5000000002
2021-12,FAS,Financial activities,8938.0,37.5,97.22615033177418,100.53619302949062,CES5500000001,CES5500000002
2021-12,PBS,Professional and business services,22129.0,36.7,97.1934293745608,100.82417582417584,CES6000000001,CES6000000002
2021-12,HCS,Health care and social assistance,23886.0,33.5,93.50923896022549,100.2994011976048,CES6500000001,CES6500000002
2021-12,RET,Retail trade,15421.7,31.4,99.2949675491913,105.01672240802675,CES4200000001,CES4200000002
2022-01,MFG,Manufacturing,12564.0,40.3,97.69069279216235,100.74999999999999,CES3000000001,CES3000000002
2022-01,INF,Information,2984.0,36.8,100.10063737001008,100.2724795640327,CES5000000001,CES5000000002
2022-01,FAS,Financial activities,8934.0,37.5,97.18263896442946,100.53619302949062,CES5500000001,CES5500000002
2022-01,PBS,Professional and business services,22183.0,36.7,97.43060435699226,100.82417582417584,CES6000000001,CES6000000002
2022-01,HCS,Health care and social assistance,23869.0,33.4,93.4426871280927,100.0,CES6500000001,CES6500000002
2022-01,RET,Retail trade,15428.6,30.1,99.33939425157104,100.66889632107024,CES4200000001,CES4200000002
2022-02,MFG,Manufacturing,12601.0,40.6,97.97838426249903,101.50000000000001,CES3000000001,CES3000000002
2022-02,INF,Information,2990.0,36.9,100.30191211003019,100.54495912806539,CES5000000001,CES5000000002
2022-02,FAS,Financial activities,8976.0,37.6,97.639508321549,100.80428954423593,CES5500000001,CES5500000002
2022-02,PBS,Professional and business services,22372.0,36.7,98.26071679550246,100.82417582417584,CES6000000001,CES6000000002
2022-02,HCS,Health care and social assistance,23984.0,33.4,93.89289069840275,100.0,CES6500000001,CES6500000002
2022-02,RET,Retail trade,15537.4,30.4,100.03991964561656,101.67224080267559,CES4200000001,CES4200000002
2022-03,MFG,Manufacturing,12674.0,40.6,98.54599175802815,101.50000000000001,CES3000000001,CES3000000002
2022-03,INF,Information,3018.0,36.9,101.24119423012412,100.54495912806539,CES5000000001,CES5000000002
2022-03,FAS,Financial activities,9002.0,37.6,97.92233220928968,100.80428954423593,CES5500000001,CES5500000002
2022-03,PBS,Professional and business services,22483.0,36.7,98.74824314827828,100.82417582417584,CES6000000001,CES6000000002
2022-03,HCS,Health care and social assistance,24057.0,33.5,94.17867209520827,100.2994011976048,CES6500000001,CES6500000002
2022-03,RET,Retail trade,15537.1,30.1,100.03798804986093,100.66889632107024,CES4200000001,CES4200000002
2022-04,MFG,Manufacturing,12726.0,40.4,98.95031490552833,101.0,CES3000000001,CES3000000002
2022-04,INF,Information,3034.0,36.8,101.7779268701778,100.2724795640327,CES5000000001,CES5000000002
2022-04,FAS,Financial activities,9037.0,37.6,98.30305667355597,100.80428954423593,CES5500000001,CES5500000002
2022-04,PBS,Professional and business services,22468.0,36.7,98.68236120871398,100.82417582417584,CES6000000001,CES6000000002
2022-04,HCS,Health care and social assistance,24117.0,33.5,94.41356091450047,100.2994011976048,CES6500000001,CES6500000002
2022-04,RET,Retail trade,15488.0,30.1,99.7218502111878,100.66889632107024,CES4200000001,CES4200000002
2022-05,MFG,Manufacturing,12735.0,40.4,99.02029391182646,101.0,CES3000000001,CES3000000002
2022-05,INF,Information,3057.0,36.8,102.54948004025495,100.2724795640327,CES5000000001,CES5000000002
2022-05,FAS,Financial activities,9049.0,37.5,98.43359077559012,100.53619302949062,CES5500000001,CES5500000002
2022-05,PBS,Professional and business services,22503.0,36.6,98.83608573436402,100.54945054945054,CES6000000001,CES6000000002
2022-05,HCS,Health care and social assistance,24176.0,33.5,94.6445349201378,100.2994011976048,CES6500000001,CES6500000002
2022-05,RET,Retail trade,15418.7,30.1,99.27565159163491,100.66889632107024,CES4200000001,CES4200000002
2022-06,MFG,Manufacturing,12767.0,40.3,99.26910815644196,100.74999999999999,CES3000000001,CES3000000002
2022-06,INF,Information,3076.0,36.7,103.1868500503187,100.0,CES5000000001,CES5000000002
2022-06,FAS,Financial activities,9059.0,37.4,98.54236919395191,100.26809651474531,CES5500000001,CES5500000002
2022-06,PBS,Professional and business services,22564.0,36.6,99.10400562192551,100.54945054945054,CES6000000001,CES6000000002
2022-06,HCS,Health care and social assistance,24267.0,33.5,95.00078296273098,100.2994011976048,CES6500000001,CES6500000002
2022-06,RET,Retail trade,15464.6,30.1,99.57118574224786,100.66889632107024,CES4200000001,CES4200000002
2022-07,MFG,Manufacturing,12800.0,40.4,99.5256978462017,101.0,CES3000000001,CES3000000002
2022-07,INF,Information,3094.0,36.7,103.79067427037907,100.0,CES5000000001,CES5000000002
2022-07,FAS,Financial activities,9073.0,37.4,98.69465897965843,100.26809651474531,CES5500000001,CES5500000002
2022-07,PBS,Professional and business services,22658.0,36.6,99.51686577652846,100.54945054945054,CES6000000001,CES6000000002
2022-07,HCS,Health care and social assistance,24395.0,33.4,95.50187911055433,100.0,CES6500000001,CES6500000002
2022-07,RET,Retail trade,15490.6,30.3,99.73859070773669,101.33779264214047,CES4200000001,CES4200000002
2022-08,MFG,Manufacturing,12832.0,40.3,99.7745120908172,100.74999999999999,CES3000000001,CES3000000002
2022-08,INF,Information,3097.0,36.6,103.89131164038913,99.72752043596729,CES5000000001,CES5000000002
2022-08,FAS,Financial activities,9092.0,37.4,98.90133797454585,100.26809651474531,CES5500000001,CES5500000002
2022-08,PBS,Professional and business services,22697.0,36.6,99.68815881939564,100.54945054945054,CES6000000001,CES6000000002
2022-08,HCS,Health care and social assistance,24468.0,33.4,95.78766050735985,100.0,CES6500000001,CES6500000002
2022-08,RET,Retail trade,15521.8,30.1,99.93947666632326,100.66889632107024,CES4200000001,CES4200000002
2022-09,MFG,Manufacturing,12849.0,40.3,99.90669465826919,100.74999999999999,CES3000000001,CES3000000002
2022-09,INF,Information,3095.0,36.6,103.82422006038243,99.72752043596729,CES5000000001,CES5000000002
2022-09,FAS,Financial activities,9097.0,37.4,98.95572718372675,100.26809651474531,CES5500000001,CES5500000002
2022-09,PBS,Professional and business services,22744.0,36.7,99.89458889669713,100.82417582417584,CES6000000001,CES6000000002
2022-09,HCS,Health care and social assistance,24552.0,33.5,96.11650485436894,100.2994011976048,CES6500000001,CES6500000002
2022-09,RET,Retail trade,15498.2,30.1,99.78752446687957,100.66889632107024,CES4200000001,CES4200000002
2022-10,MFG,Manufacturing,12883.0,40.4,100.17105979317316,101.0,CES3000000001,CES3000000002
2022-10,INF,Information,3100.0,36.7,103.99194901039918,100.0,CES5000000001,CES5000000002
2022-10,FAS,Financial activities,9122.0,37.6,99.22767322963124,100.80428954423593,CES5500000001,CES5500000002
2022-10,PBS,Professional and business services,22783.0,36.7,100.06588193956429,100.82417582417584,CES6000000001,CES6000000002
2022-10,HCS,Health care and social assistance,24642.0,33.4,96.46883808330725,100.0,CES6500000001,CES6500000002
2022-10,RET,Retail trade,15512.0,30.3,99.87637787163902,101.33779264214047,CES4200000001,CES4200000002
2022-11,MFG,Manufacturing,12896.0,40.3,100.2721405800482,100.74999999999999,CES3000000001,CES3000000002
2022-11,INF,Information,3115.0,36.9,104.49513586044952,100.54495912806539,CES5000000001,CES5000000002
2022-11,FAS,Financial activities,9136.0,37.4,99.37996301533775,100.26809651474531,CES5500000001,CES5500000002
2022-11,PBS,Professional and business services,22792.0,36.6,100.10541110330288,100.54945054945054,CES6000000001,CES6000000002
2022-11,HCS,Health care and social assistance,24729.0,33.4,96.80942687128092,100.0,CES6500000001,CES6500000002
2022-11,RET,Retail trade,15530.2,30.3,99.99356134748119,101.33779264214047,CES4200000001,CES4200000002
2022-12,MFG,Manufacturing,12895.0,40.1,100.26436513490398,100.25,CES3000000001,CES3000000002
2022-12,INF,Information,3092.0,36.6,103.72358269037237,99.72752043596729,CES5000000001,CES5000000002
2022-12,FAS,Financial activities,9146.0,37.4,99.48874143369956,100.26809651474531,CES5500000001,CES5500000002
2022-12,PBS,Professional and business services,22774.0,36.4,100.02635277582573,100.0,CES6000000001,CES6000000002
2022-12,HCS,Health care and social assistance,24773.0,33.4,96.9816786720952,100.0,CES6500000001,CES6500000002
2022-12,RET,Retail trade,15533.9,30.1,100.01738436180077,100.66889632107024,CES4200000001,CES4200000002
2023-01,MFG,Manufacturing,12903.0,40.6,100.32656869605785,101.50000000000001,CES3000000001,CES3000000002
2023-01,INF,Information,3061.0,36.7,102.68366320026836,100.0,CES5000000001,CES5000000002
2023-01,FAS,Financial activities,9144.0,37.4,99.46698575002719,100.26809651474531,CES5500000001,CES5500000002
2023-01,PBS,Professional and business services,22791.0,36.6,100.10101897399859,100.54945054945054,CES6000000001,CES6000000002
2023-01,HCS,Health care and social assistance,24883.0,33.5,97.41230817413091,100.2994011976048,CES6500000001,CES6500000002
2023-01,RET,Retail trade,15551.3,30.2,100.12941691562789,101.00334448160535,CES4200000001,CES4200000002
2023-02,MFG,Manufacturing,12898.0,40.3,100.28769147033667,100.74999999999999,CES3000000001,CES3000000002
2023-02,INF,Information,3048.0,36.4,102.24756793022476,99.18256130790189,CES5000000001,CES5000000002
2023-02,FAS,Financial activities,9152.0,37.4,99.55400848471663,100.26809651474531,CES5500000001,CES5500000002
2023-02,PBS,Professional and business services,22837.0,36.6,100.30305692199579,100.54945054945054,CES6000000001,CES6000000002
2023-02,HCS,Health care and social assistance,24956.0,33.3,97.69808957093642,99.7005988023952,CES6500000001,CES6500000002
2023-02,RET,Retail trade,15602.6,30.0,100.45971978984238,100.33444816053512,CES4200000001,CES4200000002
2023-03,MFG,Manufacturing,12888.0,40.2,100.20993701889434,100.50000000000001,CES3000000001,CES3000000002
2023-03,INF,Information,3049.0,36.4,102.2811137202281,99.18256130790189,CES5000000001,CES5000000002
2023-03,FAS,Financial activities,9150.0,37.4,99.53225280104428,100.26809651474531,CES5500000001,CES5500000002
2023-03,PBS,Professional and business services,22832.0,36.4,100.28109627547434,100.0,CES6000000001,CES6000000002
2023-03,HCS,Health care and social assistance,25033.0,33.3,97.99953022236141,99.7005988023952,CES6500000001,CES6500000002
2023-03,RET,Retail trade,15562.8,30.1,100.2034614195941,100.66889632107024,CES4200000001,CES4200000002
2023-04,MFG,Manufacturing,12884.0,40.1,100.17883523831739,100.25,CES3000000001,CES3000000002
2023-04,INF,Information,3043.0,36.5,102.07983898020798,99.4550408719346,CES5000000001,CES5000000002
2023-04,FAS,Financial activities,9180.0,37.5,99.85858805612966,100.53619302949062,CES5500000001,CES5500000002
2023-04,PBS,Professional and business services,22837.0,36.5,100.30305692199579,100.27472527472527,CES6000000001,CES6000000002
2023-04,HCS,Health care and social assistance,25113.0,33.3,98.31271531475102,99.7005988023952,CES6500000001,CES6500000002
2023-04,RET,Retail trade,15556.0,30.0,100.15967858246626,100.33444816053512,CES4200000001,CES4200000002
2023-05,MFG,Manufacturing,12869.0,40.1,100.06220356115388,100.25,CES3000000001,CES3000000002
2023-05,INF,Information,3034.0,36.2,101.7779268701778,98.63760217983652,CES5000000001,CES5000000002
2023-05,FAS,Financial activities,9175.0,37.4,99.80419884694876,100.26809651474531,CES5500000001,CES5500000002
2023-05,PBS,Professional and business services,22850.0,36.5,100.36015460295151,100.27472527472527,CES6000000001,CES6000000002
2023-05,HCS,Health care and social assistance,25221.0,33.3,98.73551518947698,99.7005988023952,CES6500000001,CES6500000002
2023-05,RET,Retail trade,15555.9,30.0,100.15903471721437,100.33444816053512,CES4200000001,CES4200000002
2023-06,MFG,Manufacturing,12875.0,40.1,100.10885623201928,100.25,CES3000000001,CES3000000002
2023-06,INF,Information,3021.0,36.4,101.34183160013419,99.18256130790189,CES5000000001,CES5000000002
2023-06,FAS,Financial activities,9182.0,37.4,99.88034373980203,100.26809651474531,CES5500000001,CES5500000002
2023-06,PBS,Professional and business services,22826.0,36.5,100.25474349964863,100.27472527472527,CES6000000001,CES6000000002
2023-06,HCS,Health care and social assistance,25314.0,33.3,99.0995928593799,99.7005988023952,CES6500000001,CES6500000002
2023-06,RET,Retail trade,15533.2,29.9,100.0128773050376,100.0,CES4200000001,CES4200000002
2023-07,MFG,Manufacturing,12862.0,40.0,100.00777544514423,100.0,CES3000000001,CES3000000002
2023-07,INF,Information,3001.0,36.4,100.67091580006708,99.18256130790189,CES5000000001,CES5000000002
2023-07,FAS,Financial activities,9193.0,37.4,100.0,100.26809651474531,CES5500000001,CES5500000002
2023-07,PBS,Professional and business services,22779.0,36.5,100.04831342234715,100.27472527472527,CES6000000001,CES6000000002
2023-07,HCS,Health care and social assistance,25435.0,33.3,99.57328531161916,99.7005988023952,CES6500000001,CES6500000002
2023-07,RET,Retail trade,15539.5,29.9,100.05344081590604,100.0,CES4200000001,CES4200000002
2023-08,MFG,Manufacturing,12861.0,40.0,100.0,100.0,CES3000000001,CES3000000002
2023-08,INF,Information,2981.0,36.7,100.0,100.0,CES5000000001,CES5000000002
2023-08,FAS,Financial activities,9193.0,37.3,100.0,100.0,CES5500000001,CES5500000002
2023-08,PBS,Professional and business services,22768.0,36.4,100.0,100.0,CES6000000001,CES6000000002
2023-08,HCS,Health care and social assistance,25544.0,33.4,100.0,100.0,CES6500000001,CES6500000002
2023-08,RET,Retail trade,15531.2,29.9,100.0,100.0,CES4200000001,CES4200000002
2023-09,MFG,Manufacturing,12872.0,40.1,100.08552989658659,100.25,CES3000000001,CES3000000002
2023-09,INF,Information,2975.0,36.5,99.79872525997988,99.4550408719346,CES5000000001,CES5000000002
2023-09,FAS,Financial activities,9186.0,37.5,99.92385510714674,100.53619302949062,CES5500000001,CES5500000002
2023-09,PBS,Professional and business services,22743.0,36.5,99.89019676739284,100.27472527472527,CES6000000001,CES6000000002
2023-09,HCS,Health care and social assistance,25641.0,33.3,100.3797369245224,99.7005988023952,CES6500000001,CES6500000002
2023-09,RET,Retail trade,15531.3,29.8,100.00064386525187,99.6655518394649,CES4200000001,CES4200000002
2023-10,MFG,Manufacturing,12837.0,40.1,99.81338931653838,100.25,CES3000000001,CES3000000002
2023-10,INF,Information,2951.0,36.4,98.99362629989936,99.18256130790189,CES5000000001,CES5000000002
2023-10,FAS,Financial activities,9179.0,37.4,99.84771021429349,100.26809651474531,CES5500000001,CES5500000002
2023-10,PBS,Professional and business services,22715.0,36.4,99.7672171468728,100.0,CES6000000001,CES6000000002
2023-10,HCS,Health care and social assistance,25735.0,33.2,100.74772940808016,99.40119760479044,CES6500000001,CES6500000002
2023-10,RET,Retail trade,15543.9,29.8,100.08177088698878,99.6655518394649,CES4200000001,CES4200000002
2023-11,MFG,Manufacturing,12859.0,39.9,99.98444910971152,99.75,CES3000000001,CES3000000002
2023-11,INF,Information,2962.0,36.4,99.36262998993625,99.18256130790189,CES5000000001,CES5000000002
2023-11,FAS,Financial activities,9172.0,37.4,99.77156532144022,100.26809651474531,CES5500000001,CES5500000002
2023-11,PBS,Professional and business services,22661.0,36.5,99.53004216444133,100.27472527472527,CES6000000001,CES6000000002
2023-11,HCS,Health care and social assistance,25853.0,33.2,101.20967741935485,99.40119760479044,CES6500000001,CES6500000002
2023-11,RET,Retail trade,15511.3,30.2,99.87187081487585,101.00334448160535,CES4200000001,CES4200000002
2023-12,MFG,Manufacturing,12872.0,39.8,100.08552989658659,99.49999999999999,CES3000000001,CES3000000002
2023-12,INF,Information,2963.0,36.4,99.39617577993963,99.18256130790189,CES5000000001,CES5000000002
2023-12,FAS,Financial activities,9176.0,37.4,99.81507668878494,100.26809651474531,CES5500000001,CES5500000002
2023-12,PBS,Professional and business services,22643.0,36.5,99.45098383696416,100.27472527472527,CES6000000001,CES6000000002
2023-12,HCS,Health care and social assistance,25935.0,33.3,101.5306921390542,99.7005988023952,CES6500000001,CES6500000002
2023-12,RET,Retail trade,15550.9,29.7,100.12684145462036,99.33110367892976,CES4200000001,CES4200000002
2024-01,MFG,Manufacturing,12875.0,39.9,100.10885623201928,99.75,CES3000000001,CES3000000002
2024-01,INF,Information,2963.0,36.4,99.39617577993963,99.18256130790189,CES5000000001,CES5000000002
2024-01,FAS,Financial activities,9165.0,37.3,99.69542042858697,100.0,CES5500000001,CES5500000002
2024-01,PBS,Professional and business services,22668.0,36.3,99.56078706957133,99.72527472527473,CES6000000001,CES6000000002
2024-01,HCS,Health care and social assistance,26033.0,33.2,101.91434387723145,99.40119760479044,CES6500000001,CES6500000002
2024-01,RET,Retail trade,15524.0,29.5,99.95364170186463,98.66220735785953,CES4200000001,CES4200000002
2024-02,MFG,Manufacturing,12852.0,40.0,99.93002099370189,100.0,CES3000000001,CES3000000002
2024-02,INF,Information,2958.0,36.6,99.22844682992285,99.72752043596729,CES5000000001,CES5000000002
2024-02,FAS,Financial activities,9151.0,37.4,99.54313064288046,100.26809651474531,CES5500000001,CES5500000002
2024-02,PBS,Professional and business services,22658.0,36.5,99.51686577652846,100.27472527472527,CES6000000001,CES6000000002
2024-02,HCS,Health care and social assistance,26130.0,33.3,102.29408080175384,99.7005988023952,CES6500000001,CES6500000002
2024-02,RET,Retail trade,15528.5,29.7,99.98261563819923,99.33110367892976,CES4200000001,CES4200000002
2024-03,MFG,Manufacturing,12836.0,40.0,99.80561387139414,100.0,CES3000000001,CES3000000002
2024-03,INF,Information,2951.0,36.6,98.99362629989936,99.72752043596729,CES5000000001,CES5000000002
2024-03,FAS,Financial activities,9149.0,37.5,99.5213749592081,100.53619302949062,CES5500000001,CES5500000002
2024-03,PBS,Professional and business services,22631.0,36.5,99.39827828531273,100.27472527472527,CES6000000001,CES6000000002
2024-03,HCS,Health care and social assistance,26225.0,33.2,102.6659880989665,99.40119760479044,CES6500000001,CES6500000002
2024-03,RET,Retail trade,15529.3,29.8,99.98776656021427,99.6655518394649,CES4200000001,CES4200000002
2024-04,MFG,Manufacturing,12833.0,40.1,99.78228753596143,100.25,CES3000000001,CES3000000002
2024-04,INF,Information,2940.0,36.3,98.62462260986247,98.9100817438692,CES5000000001,CES5000000002
2024-04,FAS,Financial activities,9144.0,37.5,99.46698575002719,100.53619302949062,CES5500000001,CES5500000002
2024-04,PBS,Professional and business services,22616.0,36.4,99.33239634574842,100.0,CES6000000001,CES6000000002
2024-04,HCS,Health care and social assistance,26313.0,33.1,103.01049170059504,99.10179640718565,CES6500000001,CES6500000002
2024-04,RET,Retail trade,15531.2,29.6,100.0,98.99665551839466,CES4200000001,CES4200000002
2024-05,MFG,Manufacturing,12825.0,40.1,99.72008397480757,100.25,CES3000000001,CES3000000002
2024-05,INF,Information,2930.0,36.7,98.28916470982891,100.0,CES5000000001,CES5000000002
2024-05,FAS,Financial activities,9147.0,37.6,99.49961927553574,100.80428954423593,CES5500000001,CES5500000002
2024-05,PBS,Professional and business services,22633.0,36.4,99.4070625439213,100.0,CES6000000001,CES6000000002
2024-05,HCS,Health care and social assistance,26383.0,33.1,103.28452865643595,99.10179640718565,CES6500000001,CES6500000002
2024-05,RET,Retail trade,15536.0,29.6,100.03090553209024,98.99665551839466,CES4200000001,CES4200000002
2024-06,MFG,Manufacturing,12814.0,40.1,99.63455407822099,100.25,CES3000000001,CES3000000002
2024-06,INF,Information,2930.0,36.7,98.28916470982891,100.0,CES5000000001,CES5000000002
2024-06,FAS,Financial activities,9159.0,37.5,99.63015337756988,100.53619302949062,CES5500000001,CES5500000002
2024-06,PBS,Professional and business services,22606.0,36.4,99.28847505270555,100.0,CES6000000001,CES6000000002
2024-06,HCS,Health care and social assistance,26474.0,33.0,103.64077669902913,98.80239520958084,CES6500000001,CES6500000002
2024-06,RET,Retail trade,15499.9,29.6,99.79847017616153,98.99665551839466,CES4200000001,CES4200000002
2024-07,MFG,Manufacturing,12806.0,39.9,99.5723505170671,99.75,CES3000000001,CES3000000002
2024-07,INF,Information,2917.0,36.8,97.85306943978532,100.2724795640327,CES5000000001,CES5000000002
2024-07,FAS,Financial activities,9154.0,37.4,99.57576416838899,100.26809651474531,CES5500000001,CES5500000002
2024-07,PBS,Professional and business services,22584.0,36.4,99.19184820801125,100.0,CES6000000001,CES6000000002
2024-07,HCS,Health care and social assistance,26515.0,33.0,103.8012840588788,98.80239520958084,CES6500000001,CES6500000002
2024-07,RET,Retail trade,15480.8,29.7,99.67549191305243,99.33110367892976,CES4200000001,CES4200000002
2024-08,MFG,Manufacturing,12772.0,40.1,99.30798538216314,100.25,CES3000000001,CES3000000002
2024-08,INF,Information,2909.0,36.8,97.58470311975847,100.2724795640327,CES5000000001,CES5000000002
2024-08,FAS,Financial activities,9162.0,37.5,99.66278690307843,100.53619302949062,CES5500000001,CES5500000002
2024-08,PBS,Professional and business services,22544.0,36.4,99.01616303583978,100.0,CES6000000001,CES6000000002
2024-08,HCS,Health care and social assistance,26573.0,33.1,104.02834325086125,99.10179640718565,CES6500000001,CES6500000002
2024-08,RET,Retail trade,15458.4,29.6,99.53126609663128,98.99665551839466,CES4200000001,CES4200000002
2024-09,MFG,Manufacturing,12758.0,40.1,99.19912915014385,100.25,CES3000000001,CES3000000002
2024-09,INF,Information,2903.0,36.8,97.38342837973835,100.2724795640327,CES5000000001,CES5000000002
2024-09,FAS,Financial activities,9162.0,37.7,99.66278690307843,101.07238605898125,CES5500000001,CES5500000002
2024-09,PBS,Professional and business services,22525.0,36.3,98.93271257905832,99.72527472527473,CES6000000001,CES6000000002
2024-09,HCS,Health care and social assistance,26691.0,33.0,104.49029126213591,98.80239520958084,CES6500000001,CES6500000002
2024-09,RET,Retail trade,15456.7,29.6,99.52032038734934,98.99665551839466,CES4200000001,CES4200000002
2024-10,MFG,Manufacturing,12697.0,39.9,98.72482699634554,99.75,CES3000000001,CES3000000002
2024-10,INF,Information,2887.0,37.3,96.84669573968468,101.63487738419616,CES5000000001,CES5000000002
2024-10,FAS,Financial activities,9164.0,37.5,99.6845425867508,100.53619302949062,CES5500000001,CES5500000002
2024-10,PBS,Professional and business services,22486.0,36.3,98.76141953619114,99.72527472527473,CES6000000001,CES6000000002
2024-10,HCS,Health care and social assistance,26786.0,33.0,104.86219855934857,98.80239520958084,CES6500000001,CES6500000002
2024-10,RET,Retail trade,15452.4,29.7,99.49263418151848,99.33110367892976,CES4200000001,CES4200000002
2024-11,MFG,Manufacturing,12711.0,40.1,98.83368322836482,100.25,CES3000000001,CES3000000002
2024-11,INF,Information,2885.0,36.9,96.77960415967796,100.54495912806539,CES5000000001,CES5000000002
2024-11,FAS,Financial activities,9173.0,37.6,99.7824431632764,100.80428954423593,CES5500000001,CES5500000002
2024-11,PBS,Professional and business services,22499.0,36.5,98.81851721714688,100.27472527472527,CES6000000001,CES6000000002
2024-11,HCS,Health care and social assistance,26870.0,33.0,105.19104290635765,98.80239520958084,CES6500000001,CES6500000002
2024-11,RET,Retail trade,15409.8,29.7,99.21834758421757,99.33110367892976,CES4200000001,CES4200000002
2024-12,MFG,Manufacturing,12693.0,40.1,98.69372521576861,100.25,CES3000000001,CES3000000002
2024-12,INF,Information,2895.0,37.0,97.1150620597115,100.8174386920981,CES5000000001,CES5000000002
2024-12,FAS,Financial activities,9179.0,37.7,99.84771021429349,101.07238605898125,CES5500000001,CES5500000002
2024-12,PBS,Professional and business services,22532.0,36.3,98.96345748418834,99.72527472527473,CES6000000001,CES6000000002
2024-12,HCS,Health care and social assistance,26945.0,32.9,105.4846539304729,98.50299401197606,CES6500000001,CES6500000002
2024-12,RET,Retail trade,15460.1,29.9,99.54221180591325,100.0,CES4200000001,CES4200000002
2025-01,MFG,Manufacturing,12673.0,40.0,98.5382163128839,100.0,CES3000000001,CES3000000002
2025-01,INF,Information,2877.0,37.0,96.51123783965112,100.8174386920981,CES5000000001,CES5000000002
2025-01,FAS,Financial activities,9187.0,37.6,99.93473294898291,100.80428954423593,CES5500000001,CES5500000002
2025-01,PBS,Professional and business services,22480.0,36.2,98.73506676036541,99.45054945054946,CES6000000001,CES6000000002
2025-01,HCS,Health care and social assistance,27006.0,32.8,105.72345756341998,98.20359281437125,CES6500000001,CES6500000002
2025-01,RET,Retail trade,15459.3,29.5,99.5370608838982,98.66220735785953,CES4200000001,CES4200000002
2025-02,MFG,Manufacturing,12671.0,40.1,98.52266542259545,100.25,CES3000000001,CES3000000002
2025-02,INF,Information,2876.0,37.1,96.47769204964777,101.08991825613079,CES5000000001,CES5000000002
2025-02,FAS,Financial activities,9199.0,37.7,100.06526705101709,101.07238605898125,CES5500000001,CES5500000002
2025-02,PBS,Professional and business services,22473.0,36.3,98.70432185523542,99.72527472527473,CES6000000001,CES6000000002
2025-02,HCS,Health care and social assistance,27064.0,32.7,105.95051675540243,97.90419161676648,CES6500000001,CES6500000002
2025-02,RET,Retail trade,15441.8,29.7,99.4243844648192,99.33110367892976,CES4200000001,CES4200000002
2025-03,MFG,Manufacturing,12666.0,40.3,98.48378819687427,100.74999999999999,CES3000000001,CES3000000002
2025-03,INF,Information,2867.0,37.3,96.17577993961758,101.63487738419616,CES5000000001,CES5000000002
2025-03,FAS,Financial activities,9201.0,37.7,100.08702273468944,101.07238605898125,CES5500000001,CES5500000002
2025-03,PBS,Professional and business services,22457.0,36.4,98.63404778636684,100.0,CES6000000001,CES6000000002
2025-03,HCS,Health care and social assistance,27132.0,32.6,106.21672408393361,97.60479041916167,CES6500000001,CES6500000002
2025-03,RET,Retail trade,15457.5,29.6,99.52547130936436,98.99665551839466,CES4200000001,CES4200000002
2025-04,MFG,Manufacturing,12662.0,40.1,98.45268641629733,100.25,CES3000000001,CES3000000002
2025-04,INF,Information,2865.0,37.3,96.10868835961087,101.63487738419616,CES5000000001,CES5000000002
2025-04,FAS,Financial activities,9205.0,37.6,100.13053410203416,100.80428954423593,CES5500000001,CES5500000002
2025-04,PBS,Professional and business services,22470.0,36.5,98.69114546732256,100.27472527472527,CES6000000001,CES6000000002
2025-04,HCS,Health care and social assistance,27216.0,32.8,106.5455684309427,98.20359281437125,CES6500000001,CES6500000002
2025-04,RET,Retail trade,15461.6,29.9,99.55186978469146,100.0,CES4200000001,CES4200000002
2025-05,MFG,Manufacturing,12651.0,40.1,98.36715651971075,100.25,CES3000000001,CES3000000002
2025-05,INF,Information,2864.0,37.1,96.07514256960752,101.08991825613079,CES5000000001,CES5000000002
2025-05,FAS,Financial activities,9211.0,37.6,100.19580115305125,100.80428954423593,CES5500000001,CES5500000002
2025-05,PBS,Professional and business services,22450.0,36.5,98.60330288123681,100.27472527472527,CES6000000001,CES6000000002
2025-05,HCS,Health care and social assistance,27276.0,32.7,106.78045725023489,97.90419161676648,CES6500000001,CES6500000002
2025-05,RET,Retail trade,15440.0,29.7,99.41279489028535,99.33110367892976,CES4200000001,CES4200000002
2025-06,MFG,Manufacturing,12636.0,40.1,98.25052484254724,100.25,CES3000000001,CES3000000002
2025-06,INF,Information,2863.0,36.9,96.04159677960415,100.54495912806539,CES5000000001,CES5000000002
2025-06,FAS,Financial activities,9204.0,37.7,100.11965626019798,101.07238605898125,CES5500000001,CES5500000002
2025-06,PBS,Professional and business services,22419.0,36.4,98.46714687280394,100.0,CES6000000001,CES6000000002
2025-06,HCS,Health care and social assistance,27325.0,32.7,106.97228311932352,97.90419161676648,CES6500000001,CES6500000002
2025-06,RET,Retail trade,15425.5,29.8,99.31943442876275,99.6655518394649,CES4200000001,CES4200000002
2025-07,MFG,Manufacturing,12625.0,40.2,98.16499494596066,100.50000000000001,CES3000000001,CES3000000002
2025-07,INF,Information,2861.0,37.1,95.97450519959744,101.08991825613079,CES5000000001,CES5000000002
2025-07,FAS,Financial activities,9204.0,37.6,100.11965626019798,100.80428954423593,CES5500000001,CES5500000002
2025-07,PBS,Professional and business services,22403.0,36.4,98.39687280393534,100.0,CES6000000001,CES6000000002
2025-07,HCS,Health care and social assistance,27412.0,32.7,107.31287190729721,97.90419161676648,CES6500000001,CES6500000002
2025-07,RET,Retail trade,15430.2,29.9,99.34969609560112,100.0,CES4200000001,CES4200000002
2025-08,MFG,Manufacturing,12615.0,40.0,98.08724049451831,100.0,CES3000000001,CES3000000002
2025-08,INF,Information,2860.0,37.3,95.9409594095941,101.63487738419616,CES5000000001,CES5000000002
2025-08,FAS,Financial activities,9185.0,37.5,99.91297726531056,100.53619302949062,CES5500000001,CES5500000002
2025-08,PBS,Professional and business services,22375.0,36.5,98.27389318341531,100.27472527472527,CES6000000001,CES6000000002
2025-08,HCS,Health care and social assistance,27435.0,32.7,107.40291262135922,97.90419161676648,CES6500000001,CES6500000002
2025-08,RET,Retail trade,15440.3,30.0,99.41472648604099,100.33444816053512,CES4200000001,CES4200000002
2025-09,MFG,Manufacturing,12612.0,40.0,98.06391415908561,100.0,CES3000000001,CES3000000002
2025-09,INF,Information,2859.0,37.6,95.90741361959074,102.45231607629428,CES5000000001,CES5000000002
2025-09,FAS,Financial activities,9189.0,37.6,99.95648863265528,100.80428954423593,CES5500000001,CES5500000002
2025-09,PBS,Professional and business services,22359.0,36.5,98.20361911454674,100.27472527472527,CES6000000001,CES6000000002
2025-09,HCS,Health care and social assistance,27489.0,32.7,107.6143125587222,97.90419161676648,CES6500000001,CES6500000002
2025-09,RET,Retail trade,15453.4,29.9,99.49907283403728,100.0,CES4200000001,CES4200000002
2025-10,MFG,Manufacturing,12603.0,40.0,97.99393515278749,100.0,CES3000000001,CES3000000002
2025-10,INF,Information,2853.0,37.3,95.70613887957062,101.63487738419616,CES5000000001,CES5000000002
2025-10,FAS,Financial activities,9184.0,37.5,99.90209942347438,100.53619302949062,CES5500000001,CES5500000002
2025-10,PBS,Professional and business services,22335.0,36.6,98.09820801124386,100.54945054945054,CES6000000001,CES6000000002
2025-10,HCS,Health care and social assistance,27533.0,32.7,107.78656435953648,97.90419161676648,CES6500000001,CES6500000002
2025-10,RET,Retail trade,15438.0,29.9,99.39991758524775,100.0,CES4200000001,CES4200000002
2025-11,MFG,Manufacturing,12593.0,40.1,97.91618070134516,100.25,CES3000000001,CES3000000002
2025-11,INF,Information,2848.0,37.4,95.53840992955384,101.90735694822888,CES5000000001,CES5000000002
2025-11,FAS,Financial activities,9185.0,37.5,99.91297726531056,100.53619302949062,CES5500000001,CES5500000002
2025-11,PBS,Professional and business services,22391.0,36.6,98.34416725228391,100.54945054945054,CES6000000001,CES6000000002
2025-11,HCS,Health care and social assistance,27589.0,32.7,108.00579392420921,97.90419161676648,CES6500000001,CES6500000002
2025-11,RET,Retail trade,15437.1,29.8,99.39412279798083,99.6655518394649,CES4200000001,CES4200000002
2025-12,MFG,Manufacturing,12580.0,40.0,97.81509991447011,100.0,CES3000000001,CES3000000002
2025-12,INF,Information,2842.0,37.2,95.33713518953371,101.3623978201635,CES5000000001,CES5000000002
2025-12,FAS,Financial activities,9186.0,37.5,99.92385510714674,100.53619302949062,CES5500000001,CES5500000002
2025-12,PBS,Professional and business services,22372.0,36.5,98.26071679550246,100.27472527472527,CES6000000001,CES6000000002
2025-12,HCS,Health care and social assistance,27627.0,32.6,108.15455684309427,97.60479041916167,CES6500000001,CES6500000002
2025-12,RET,Retail trade,15413.5,29.8,99.24217059853714,99.6655518394649,CES4200000001,CES4200000002
2026-01,MFG,Manufacturing,12585.0,40.2,97.85397714019128,100.50000000000001,CES3000000001,CES3000000002
2026-01,INF,Information,2823.0,37.5,94.69976517946998,102.17983651226157,CES5000000001,CES5000000002
2026-01,FAS,Financial activities,9156.0,37.5,99.59751985206135,100.53619302949062,CES5500000001,CES5500000002
2026-01,PBS,Professional and business services,22390.0,36.7,98.33977512297962,100.82417582417584,CES6000000001,CES6000000002
2026-01,HCS,Health care and social assistance,27756.0,32.7,108.6595678045725,97.90419161676648,CES6500000001,CES6500000002
2026-01,RET,Retail trade,15424.2,29.9,99.3110641804883,100.0,CES4200000001,CES4200000002
2026-02,MFG,Manufacturing,12573.0,40.1,97.76067179846046,100.25,CES3000000001,CES3000000002
2026-02,INF,Information,2812.0,37.7,94.33076148943307,102.72479564032697,CES5000000001,CES5000000002
2026-02,FAS,Financial activities,9166.0,37.5,99.70629827042315,100.53619302949062,CES5500000001,CES5500000002
2026-02,PBS,Professional and business services,22385.0,36.6,98.31781447645818,100.54945054945054,CES6000000001,CES6000000002
2026-02,HCS,Health care and social assistance,27722.0,32.6,108.52646414030691,97.60479041916167,CES6500000001,CES6500000002
2026-02,RET,Retail trade,15426.5,30.0,99.32587308128154,100.33444816053512,CES4200000001,CES4200000002
