month,sector6_code,sector6_label,ces_payroll_employment_thousands,index_aug2023_100,series_id
2019-01,MFG,Manufacturing,12790.0,99.44794339475935,CES3000000001
2019-01,INF,Information,2842.0,95.33713518953371,CES5000000001
2019-01,FAS,Financial activities,8672.0,94.33264440335037,CES5500000001
2019-01,PBS,Professional and business services,21201.0,93.11753338018272,CES6000000001
2019-01,HCS,Health care and social assistance,23902.0,93.57187597870342,CES6500000001
2019-01,RET,Retail trade,15617.4,100.55501184712064,CES4200000001
2019-02,MFG,Manufacturing,12782.0,99.38573983360547,CES3000000001
2019-02,INF,Information,2843.0,95.37068097953707,CES5000000001
2019-02,FAS,Financial activities,8685.0,94.47405634722071,CES5500000001
2019-02,PBS,Professional and business services,21230.0,93.24490513000703,CES6000000001
2019-02,HCS,Health care and social assistance,23923.0,93.65408706545568,CES6500000001
2019-02,RET,Retail trade,15586.7,100.35734521479344,CES4200000001
2019-03,MFG,Manufacturing,12788.0,99.43239250447088,CES3000000001
2019-03,INF,Information,2849.0,95.5719557195572,CES5000000001
2019-03,FAS,Financial activities,8705.0,94.6916131839443,CES5500000001
2019-03,PBS,Professional and business services,21258.0,93.36788475052705,CES6000000001
2019-03,HCS,Health care and social assistance,23988.0,93.90854995302223,CES6500000001
2019-03,RET,Retail trade,15574.1,100.27621819305656,CES4200000001
2019-04,MFG,Manufacturing,12785.0,99.40906616903817,CES3000000001
2019-04,INF,Information,2846.0,95.47131834954713,CES5000000001
2019-04,FAS,Financial activities,8721.0,94.86565865332318,CES5500000001
2019-04,PBS,Professional and business services,21315.0,93.6182361208714,CES6000000001
2019-04,HCS,Health care and social assistance,24054.0,94.16692765424366,CES6500000001
2019-04,RET,Retail trade,15571.6,100.26012156175956,CES4200000001
2019-05,MFG,Manufacturing,12778.0,99.35463805302854,CES3000000001
2019-05,INF,Information,2858.0,95.87386782958738,CES5000000001
2019-05,FAS,Financial activities,8733.0,94.99619275535733,CES5500000001
2019-05,PBS,Professional and business services,21356.0,93.79831342234716,CES6000000001
2019-05,HCS,Health care and social assistance,24090.0,94.30786094581897,CES6500000001
2019-05,RET,Retail trade,15554.2,100.14808900793241,CES4200000001
2019-06,MFG,Manufacturing,12787.0,99.42461705932665,CES3000000001
2019-06,INF,Information,2875.0,96.44414625964441,CES5000000001
2019-06,FAS,Financial activities,8748.0,95.15936038290003,CES5500000001
2019-06,PBS,Professional and business services,21402.0,94.00035137034435,CES6000000001
2019-06,HCS,Health care and social assistance,24135.0,94.48402756028813,CES6500000001
2019-06,RET,Retail trade,15533.2,100.0128773050376,CES4200000001
2019-07,MFG,Manufacturing,12790.0,99.44794339475935,CES3000000001
2019-07,INF,Information,2866.0,96.14223414961423,CES5000000001
2019-07,FAS,Financial activities,8771.0,95.40955074513217,CES5500000001
2019-07,PBS,Professional and business services,21421.0,94.0838018271258,CES6000000001
2019-07,HCS,Health care and social assistance,24181.0,94.66410898841215,CES6500000001
2019-07,RET,Retail trade,15533.3,100.01352117028948,CES4200000001
2019-08,MFG,Manufacturing,12789.0,99.44016794961512,CES3000000001
2019-08,INF,Information,2865.0,96.10868835961087,CES5000000001
2019-08,FAS,Financial activities,8785.0,95.56184053083868,CES5500000001
2019-08,PBS,Professional and business services,21455.0,94.23313422347154,CES6000000001
2019-08,HCS,Health care and social assistance,24246.0,94.91857187597871,CES6500000001
2019-08,RET,Retail trade,15516.7,99.90663953847738,CES4200000001
2019-09,MFG,Manufacturing,12787.0,99.42461705932665,CES3000000001
2019-09,INF,Information,2871.0,96.30996309963099,CES5000000001
2019-09,FAS,Financial activities,8785.0,95.56184053083868,CES5500000001
2019-09,PBS,Professional and business services,21465.0,94.27705551651441,CES6000000001
2019-09,HCS,Health care and social assistance,24288.0,95.08299404948325,CES6500000001
2019-09,RET,Retail trade,15526.5,99.96973833316163,CES4200000001
2019-10,MFG,Manufacturing,12733.0,99.00474302153798,CES3000000001
2019-10,INF,Information,2874.0,96.41060046964107,CES5000000001
2019-10,FAS,Financial activities,8801.0,95.73588600021755,CES5500000001
2019-10,PBS,Professional and business services,21476.0,94.32536893886156,CES6000000001
2019-10,HCS,Health care and social assistance,24328.0,95.23958659567805,CES6500000001
2019-10,RET,Retail trade,15527.2,99.9742453899248,CES4200000001
2019-11,MFG,Manufacturing,12777.0,99.3468626078843,CES3000000001
2019-11,INF,Information,2885.0,96.77960415967796,CES5000000001
2019-11,FAS,Financial activities,8813.0,95.86642010225171,CES5500000001
2019-11,PBS,Professional and business services,21487.0,94.37368236120871,CES6000000001
2019-11,HCS,Health care and social assistance,24391.0,95.48621985593486,CES6500000001
2019-11,RET,Retail trade,15509.6,99.8609251055939,CES4200000001
2019-12,MFG,Manufacturing,12760.0,99.21468004043231,CES3000000001
2019-12,INF,Information,2891.0,96.98087889969808,CES5000000001
2019-12,FAS,Financial activities,8822.0,95.96432067877733,CES5500000001
2019-12,PBS,Professional and business services,21467.0,94.28583977512298,CES6000000001
2019-12,HCS,Health care and social assistance,24428.0,95.63106796116504,CES6500000001
2019-12,RET,Retail trade,15550.1,100.12169053260533,CES4200000001
2020-01,MFG,Manufacturing,12745.0,99.0980483632688,CES3000000001
2020-01,INF,Information,2901.0,97.31633679973163,CES5000000001
2020-01,FAS,Financial activities,8833.0,96.0839769389753,CES5500000001
2020-01,PBS,Professional and business services,21476.0,94.32536893886156,CES6000000001
2020-01,HCS,Health care and social assistance,24510.0,95.9520826808644,CES6500000001
2020-01,RET,Retail trade,15512.5,99.87959719789842,CES4200000001
2020-02,MFG,Manufacturing,12743.0,99.08249747298032,CES3000000001
2020-02,INF,Information,2910.0,97.61824890976183,CES5000000001
2020-02,FAS,Financial activities,8872.0,96.50821277058631,CES5500000001
2020-02,PBS,Professional and business services,21483.0,94.35611384399157,CES6000000001
2020-02,HCS,Health care and social assistance,24573.0,96.19871594112121,CES6500000001
2020-02,RET,Retail trade,15519.2,99.92273616977438,CES4200000001
2020-03,MFG,Manufacturing,12684.0,98.6237462094705,CES3000000001
2020-03,INF,Information,2902.0,97.34988258973499,CES5000000001
2020-03,FAS,Financial activities,8855.0,96.32328945937127,CES5500000001
2020-03,PBS,Professional and business services,21388.0,93.93886156008433,CES6000000001
2020-03,HCS,Health care and social assistance,24356.0,95.3492013780144,CES6500000001
2020-03,RET,Retail trade,15432.9,99.36708045740187,CES4200000001
2020-04,MFG,Manufacturing,11382.0,88.50011663167716,CES3000000001
2020-04,INF,Information,2643.0,88.66152297886615,CES5000000001
2020-04,FAS,Financial activities,8592.0,93.462417056456,CES5500000001
2020-04,PBS,Professional and business services,19223.0,84.42990161630358,CES6000000001
2020-04,HCS,Health care and social assistance,21742.0,85.11587848418415,CES6500000001
2020-04,RET,Retail trade,13246.9,85.29218605130318,CES4200000001
2020-05,MFG,Manufacturing,11610.0,90.27291812456262,CES3000000001
2020-05,INF,Information,2609.0,87.5209661187521,CES5000000001
2020-05,FAS,Financial activities,8607.0,93.6255846839987,CES5500000001
2020-05,PBS,Professional and business services,19410.0,85.2512297962052,CES6000000001
2020-05,HCS,Health care and social assistance,22150.0,86.71312245537112,CES6500000001
2020-05,RET,Retail trade,13631.4,87.7678479447821,CES4200000001
2020-06,MFG,Manufacturing,11950.0,92.91656947360237,CES3000000001
2020-06,INF,Information,2622.0,87.95706138879571,CES5000000001
2020-06,FAS,Financial activities,8622.0,93.78875231154139,CES5500000001
2020-06,PBS,Professional and business services,19768.0,86.82361208713985,CES6000000001
2020-06,HCS,Health care and social assistance,22727.0,88.97196993423113,CES6500000001
2020-06,RET,Retail trade,14452.3,93.05333779746574,CES4200000001
2020-07,MFG,Manufacturing,11973.0,93.09540471191976,CES3000000001
2020-07,INF,Information,2622.0,87.95706138879571,CES5000000001
2020-07,FAS,Financial activities,8623.0,93.79963015337756,CES5500000001
2020-07,PBS,Professional and business services,19953.0,87.63615600843289,CES6000000001
2020-07,HCS,Health care and social assistance,22923.0,89.73927341058565,CES6500000001
2020-07,RET,Retail trade,14675.8,94.49237663541773,CES4200000001
2020-08,MFG,Manufacturing,11999.0,93.29756628566986,CES3000000001
2020-08,INF,Information,2640.0,88.56088560885608,CES5000000001
2020-08,FAS,Financial activities,8649.0,94.08245404111824,CES5500000001
2020-08,PBS,Professional and business services,20147.0,88.48822909346451,CES6000000001
2020-08,HCS,Health care and social assistance,23124.0,90.52615095521453,CES6500000001
2020-08,RET,Retail trade,14942.7,96.21085299268569,CES4200000001
2020-09,MFG,Manufacturing,12057.0,93.74854210403547,CES3000000001
2020-09,INF,Information,2695.0,90.40590405904058,CES5000000001
2020-09,FAS,Financial activities,8674.0,94.35440008702274,CES5500000001
2020-09,PBS,Professional and business services,20267.0,89.01528460997892,CES6000000001
2020-09,HCS,Health care and social assistance,23189.0,90.7806138427811,CES6500000001
2020-09,RET,Retail trade,14981.1,96.45809724940764,CES4200000001
2020-10,MFG,Manufacturing,12086.0,93.97403001321825,CES3000000001
2020-10,INF,Information,2684.0,90.03690036900369,CES5000000001
2020-10,FAS,Financial activities,8691.0,94.53932339823778,CES5500000001
2020-10,PBS,Professional and business services,20455.0,89.84100491918483,CES6000000001
2020-10,HCS,Health care and social assistance,23278.0,91.12903225806451,CES6500000001
2020-10,RET,Retail trade,15090.3,97.1611981044607,CES4200000001
2020-11,MFG,Manufacturing,12118.0,94.22284425783376,CES3000000001
2020-11,INF,Information,2696.0,90.43944984904394,CES5000000001
2020-11,FAS,Financial activities,8706.0,94.70249102578049,CES5500000001
2020-11,PBS,Professional and business services,20602.0,90.48664792691497,CES6000000001
2020-11,HCS,Health care and social assistance,23337.0,91.36000626370185,CES6500000001
2020-11,RET,Retail trade,15126.8,97.39620892139692,CES4200000001
2020-12,MFG,Manufacturing,12153.0,94.49498483788197,CES3000000001
2020-12,INF,Information,2712.0,90.97618248909762,CES5000000001
2020-12,FAS,Financial activities,8718.0,94.83302512781464,CES5500000001
2020-12,PBS,Professional and business services,20770.0,91.22452565003513,CES6000000001
2020-12,HCS,Health care and social assistance,23334.0,91.34826182273724,CES6500000001
2020-12,RET,Retail trade,15144.2,97.50824147522407,CES4200000001
2021-01,MFG,Manufacturing,12142.0,94.4094549412954,CES3000000001
2021-01,INF,Information,2747.0,92.15028513921503,CES5000000001
2021-01,FAS,Financial activities,8722.0,94.87653649515936,CES5500000001
2021-01,PBS,Professional and business services,20922.0,91.89212930428671,CES6000000001
2021-01,HCS,Health care and social assistance,23362.0,91.4578766050736,CES6500000001
2021-01,RET,Retail trade,15165.9,97.64796023488204,CES4200000001
2021-02,MFG,Manufacturing,12172.0,94.64271829562242,CES3000000001
2021-02,INF,Information,2764.0,92.72056356927206,CES5000000001
2021-02,FAS,Financial activities,8718.0,94.83302512781464,CES5500000001
2021-02,PBS,Professional and business services,20999.0,92.2303232607168,CES6000000001
2021-02,HCS,Health care and social assistance,23413.0,91.65753210147197,CES6500000001
2021-02,RET,Retail trade,15188.9,97.79604924281445,CES4200000001
2021-03,MFG,Manufacturing,12229.0,95.08591866884379,CES3000000001
2021-03,INF,Information,2770.0,92.92183830929218,CES5000000001
2021-03,FAS,Financial activities,8736.0,95.02882628086587,CES5500000001
2021-03,PBS,Professional and business services,21109.0,92.71345748418834,CES6000000001
2021-03,HCS,Health care and social assistance,23536.0,92.13905418102098,CES6500000001
2021-03,RET,Retail trade,15232.8,98.07870608838981,CES4200000001
2021-04,MFG,Manufacturing,12193.0,94.80600264365134,CES3000000001
2021-04,INF,Information,2796.0,93.7940288493794,CES5000000001
2021-04,FAS,Financial activities,8750.0,95.18111606657239,CES5500000001
2021-04,PBS,Professional and business services,21103.0,92.68710470836261,CES6000000001
2021-04,HCS,Health care and social assistance,23584.0,92.32696523645475,CES6500000001
2021-04,RET,Retail trade,15189.4,97.79926856907386,CES4200000001
2021-05,MFG,Manufacturing,12216.0,94.98483788196874,CES3000000001
2021-05,INF,Information,2816.0,94.4649446494465,CES5000000001
2021-05,FAS,Financial activities,8761.0,95.30077232677037,CES5500000001
2021-05,PBS,Professional and business services,21176.0,93.00773014757554,CES6000000001
2021-05,HCS,Health care and social assistance,23616.0,92.45223927341058,CES6500000001
2021-05,RET,Retail trade,15191.5,97.81278973936334,CES4200000001
2021-06,MFG,Manufacturing,12247.0,95.22587668144001,CES3000000001
2021-06,INF,Information,2824.0,94.73331096947332,CES5000000001
2021-06,FAS,Financial activities,8773.0,95.43130642880453,CES5500000001
2021-06,PBS,Professional and business services,21257.0,93.36349262122276,CES6000000001
2021-06,HCS,Health care and social assistance,23642.0,92.5540244284372,CES6500000001
2021-06,RET,Retail trade,15244.8,98.15596991861543,CES4200000001
2021-07,MFG,Manufacturing,12305.0,95.6768524998056,CES3000000001
2021-07,INF,Information,2881.0,96.64542099966454,CES5000000001
2021-07,FAS,Financial activities,8808.0,95.81203089307081,CES5500000001
2021-07,PBS,Professional and business services,21418.0,94.07062543921293,CES6000000001
2021-07,HCS,Health care and social assistance,23684.0,92.71844660194175,CES6500000001
2021-07,RET,Retail trade,15238.2,98.11347481199134,CES4200000001
2021-08,MFG,Manufacturing,12353.0,96.05007386672887,CES3000000001
2021-08,INF,Information,2903.0,97.38342837973835,CES5000000001
2021-08,FAS,Financial activities,8826.0,96.00783204612206,CES5500000001
2021-08,PBS,Professional and business services,21535.0,94.58450456781448,CES6000000001
2021-08,HCS,Health care and social assistance,23708.0,92.81240212965864,CES6500000001
2021-08,RET,Retail trade,15216.0,97.97053672607396,CES4200000001
2021-09,MFG,Manufacturing,12393.0,96.36109167249826,CES3000000001
2021-09,INF,Information,2917.0,97.85306943978532,CES5000000001
2021-09,FAS,Financial activities,8851.0,96.27977809202655,CES5500000001
2021-09,PBS,Professional and business services,21636.0,95.02810962754744,CES6000000001
2021-09,HCS,Health care and social assistance,23705.0,92.80065768869402,CES6500000001
2021-09,RET,Retail trade,15280.1,98.38325435252911,CES4200000001
2021-10,MFG,Manufacturing,12453.0,96.82761838115232,CES3000000001
2021-10,INF,Information,2938.0,98.55753102985575,CES5000000001
2021-10,FAS,Financial activities,8879.0,96.58435766343956,CES5500000001
2021-10,PBS,Professional and business services,21873.0,96.06904427266339,CES6000000001
2021-10,HCS,Health care and social assistance,23800.0,93.17256498590667,CES6500000001
2021-10,RET,Retail trade,15348.1,98.82108272380756,CES4200000001
2021-11,MFG,Manufacturing,12498.0,97.17751341264287,CES3000000001
2021-11,INF,Information,2957.0,99.19490103991949,CES5000000001
2021-11,FAS,Financial activities,8911.0,96.93244860219733,CES5500000001
2021-11,PBS,Professional and business services,22019.0,96.71029515108924,CES6000000001
2021-11,HCS,Health care and social assistance,23845.0,93.34873160037583,CES6500000001
2021-11,RET,Retail trade,15407.0,99.20031935716493,CES4200000001
2021-12,MFG,Manufacturing,12537.0,97.48075577326803,CES3000000001
2021-12,INF,Information,2967.0,99.53035893995303,CES5000000001
2021-12,FAS,Financial activities,8938.0,97.22615033177418,CES5500000001
2021-12,PBS,Professional and business services,22129.0,97.1934293745608,CES6000000001
2021-12,HCS,Health care and social assistance,23886.0,93.50923896022549,CES6500000001
2021-12,RET,Retail trade,15421.7,99.2949675491913,CES4200000001
2022-01,MFG,Manufacturing,12564.0,97.69069279216235,CES3000000001
2022-01,INF,Information,2984.0,100.10063737001008,CES5000000001
2022-01,FAS,Financial activities,8934.0,97.18263896442946,CES5500000001
2022-01,PBS,Professional and business services,22183.0,97.43060435699226,CES6000000001
2022-01,HCS,Health care and social assistance,23869.0,93.4426871280927,CES6500000001
2022-01,RET,Retail trade,15428.6,99.33939425157104,CES4200000001
2022-02,MFG,Manufacturing,12601.0,97.97838426249903,CES3000000001
2022-02,INF,Information,2990.0,100.30191211003019,CES5000000001
2022-02,FAS,Financial activities,8976.0,97.639508321549,CES5500000001
2022-02,PBS,Professional and business services,22372.0,98.26071679550246,CES6000000001
2022-02,HCS,Health care and social assistance,23984.0,93.89289069840275,CES6500000001
2022-02,RET,Retail trade,15537.4,100.03991964561656,CES4200000001
2022-03,MFG,Manufacturing,12674.0,98.54599175802815,CES3000000001
2022-03,INF,Information,3018.0,101.24119423012412,CES5000000001
2022-03,FAS,Financial activities,9002.0,97.92233220928968,CES5500000001
2022-03,PBS,Professional and business services,22483.0,98.74824314827828,CES6000000001
2022-03,HCS,Health care and social assistance,24057.0,94.17867209520827,CES6500000001
2022-03,RET,Retail trade,15537.1,100.03798804986093,CES4200000001
2022-04,MFG,Manufacturing,12726.0,98.95031490552833,CES3000000001
2022-04,INF,Information,3034.0,101.7779268701778,CES5000000001
2022-04,FAS,Financial activities,9037.0,98.30305667355597,CES5500000001
2022-04,PBS,Professional and business services,22468.0,98.68236120871398,CES6000000001
2022-04,HCS,Health care and social assistance,24117.0,94.41356091450047,CES6500000001
2022-04,RET,Retail trade,15488.0,99.7218502111878,CES4200000001
2022-05,MFG,Manufacturing,12735.0,99.02029391182646,CES3000000001
2022-05,INF,Information,3057.0,102.54948004025495,CES5000000001
2022-05,FAS,Financial activities,9049.0,98.43359077559012,CES5500000001
2022-05,PBS,Professional and business services,22503.0,98.83608573436402,CES6000000001
2022-05,HCS,Health care and social assistance,24176.0,94.6445349201378,CES6500000001
2022-05,RET,Retail trade,15418.7,99.27565159163491,CES4200000001
2022-06,MFG,Manufacturing,12767.0,99.26910815644196,CES3000000001
2022-06,INF,Information,3076.0,103.1868500503187,CES5000000001
2022-06,FAS,Financial activities,9059.0,98.54236919395191,CES5500000001
2022-06,PBS,Professional and business services,22564.0,99.10400562192551,CES6000000001
2022-06,HCS,Health care and social assistance,24267.0,95.00078296273098,CES6500000001
2022-06,RET,Retail trade,15464.6,99.57118574224786,CES4200000001
2022-07,MFG,Manufacturing,12800.0,99.5256978462017,CES3000000001
2022-07,INF,Information,3094.0,103.79067427037907,CES5000000001
2022-07,FAS,Financial activities,9073.0,98.69465897965843,CES5500000001
2022-07,PBS,Professional and business services,22658.0,99.51686577652846,CES6000000001
2022-07,HCS,Health care and social assistance,24395.0,95.50187911055433,CES6500000001
2022-07,RET,Retail trade,15490.6,99.73859070773669,CES4200000001
2022-08,MFG,Manufacturing,12832.0,99.7745120908172,CES3000000001
2022-08,INF,Information,3097.0,103.89131164038913,CES5000000001
2022-08,FAS,Financial activities,9092.0,98.90133797454585,CES5500000001
2022-08,PBS,Professional and business services,22697.0,99.68815881939564,CES6000000001
2022-08,HCS,Health care and social assistance,24468.0,95.78766050735985,CES6500000001
2022-08,RET,Retail trade,15521.8,99.93947666632326,CES4200000001
2022-09,MFG,Manufacturing,12849.0,99.90669465826919,CES3000000001
2022-09,INF,Information,3095.0,103.82422006038243,CES5000000001
2022-09,FAS,Financial activities,9097.0,98.95572718372675,CES5500000001
2022-09,PBS,Professional and business services,22744.0,99.89458889669713,CES6000000001
2022-09,HCS,Health care and social assistance,24552.0,96.11650485436894,CES6500000001
2022-09,RET,Retail trade,15498.2,99.78752446687957,CES4200000001
2022-10,MFG,Manufacturing,12883.0,100.17105979317316,CES3000000001
2022-10,INF,Information,3100.0,103.99194901039918,CES5000000001
2022-10,FAS,Financial activities,9122.0,99.22767322963124,CES5500000001
2022-10,PBS,Professional and business services,22783.0,100.06588193956429,CES6000000001
2022-10,HCS,Health care and social assistance,24642.0,96.46883808330725,CES6500000001
2022-10,RET,Retail trade,15512.0,99.87637787163902,CES4200000001
2022-11,MFG,Manufacturing,12896.0,100.2721405800482,CES3000000001
2022-11,INF,Information,3115.0,104.49513586044952,CES5000000001
2022-11,FAS,Financial activities,9136.0,99.37996301533775,CES5500000001
2022-11,PBS,Professional and business services,22792.0,100.10541110330288,CES6000000001
2022-11,HCS,Health care and social assistance,24729.0,96.80942687128092,CES6500000001
2022-11,RET,Retail trade,15530.2,99.99356134748119,CES4200000001
2022-12,MFG,Manufacturing,12895.0,100.26436513490398,CES3000000001
2022-12,INF,Information,3092.0,103.72358269037237,CES5000000001
2022-12,FAS,Financial activities,9146.0,99.48874143369956,CES5500000001
2022-12,PBS,Professional and business services,22774.0,100.02635277582573,CES6000000001
2022-12,HCS,Health care and social assistance,24773.0,96.9816786720952,CES6500000001
2022-12,RET,Retail trade,15533.9,100.01738436180077,CES4200000001
2023-01,MFG,Manufacturing,12903.0,100.32656869605785,CES3000000001
2023-01,INF,Information,3061.0,102.68366320026836,CES5000000001
2023-01,FAS,Financial activities,9144.0,99.46698575002719,CES5500000001
2023-01,PBS,Professional and business services,22791.0,100.10101897399859,CES6000000001
2023-01,HCS,Health care and social assistance,24883.0,97.41230817413091,CES6500000001
2023-01,RET,Retail trade,15551.3,100.12941691562789,CES4200000001
2023-02,MFG,Manufacturing,12898.0,100.28769147033667,CES3000000001
2023-02,INF,Information,3048.0,102.24756793022476,CES5000000001
2023-02,FAS,Financial activities,9152.0,99.55400848471663,CES5500000001
2023-02,PBS,Professional and business services,22837.0,100.30305692199579,CES6000000001
2023-02,HCS,Health care and social assistance,24956.0,97.69808957093642,CES6500000001
2023-02,RET,Retail trade,15602.6,100.45971978984238,CES4200000001
2023-03,MFG,Manufacturing,12888.0,100.20993701889434,CES3000000001
2023-03,INF,Information,3049.0,102.2811137202281,CES5000000001
2023-03,FAS,Financial activities,9150.0,99.53225280104428,CES5500000001
2023-03,PBS,Professional and business services,22832.0,100.28109627547434,CES6000000001
2023-03,HCS,Health care and social assistance,25033.0,97.99953022236141,CES6500000001
2023-03,RET,Retail trade,15562.8,100.2034614195941,CES4200000001
2023-04,MFG,Manufacturing,12884.0,100.17883523831739,CES3000000001
2023-04,INF,Information,3043.0,102.07983898020798,CES5000000001
2023-04,FAS,Financial activities,9180.0,99.85858805612966,CES5500000001
2023-04,PBS,Professional and business services,22837.0,100.30305692199579,CES6000000001
2023-04,HCS,Health care and social assistance,25113.0,98.31271531475102,CES6500000001
2023-04,RET,Retail trade,15556.0,100.15967858246626,CES4200000001
2023-05,MFG,Manufacturing,12869.0,100.06220356115388,CES3000000001
2023-05,INF,Information,3034.0,101.7779268701778,CES5000000001
2023-05,FAS,Financial activities,9175.0,99.80419884694876,CES5500000001
2023-05,PBS,Professional and business services,22850.0,100.36015460295151,CES6000000001
2023-05,HCS,Health care and social assistance,25221.0,98.73551518947698,CES6500000001
2023-05,RET,Retail trade,15555.9,100.15903471721437,CES4200000001
2023-06,MFG,Manufacturing,12875.0,100.10885623201928,CES3000000001
2023-06,INF,Information,3021.0,101.34183160013419,CES5000000001
2023-06,FAS,Financial activities,9182.0,99.88034373980203,CES5500000001
2023-06,PBS,Professional and business services,22826.0,100.25474349964863,CES6000000001
2023-06,HCS,Health care and social assistance,25314.0,99.0995928593799,CES6500000001
2023-06,RET,Retail trade,15533.2,100.0128773050376,CES4200000001
2023-07,MFG,Manufacturing,12862.0,100.00777544514423,CES3000000001
2023-07,INF,Information,3001.0,100.67091580006708,CES5000000001
2023-07,FAS,Financial activities,9193.0,100.0,CES5500000001
2023-07,PBS,Professional and business services,22779.0,100.04831342234715,CES6000000001
2023-07,HCS,Health care and social assistance,25435.0,99.57328531161916,CES6500000001
2023-07,RET,Retail trade,15539.5,100.05344081590604,CES4200000001
2023-08,MFG,Manufacturing,12861.0,100.0,CES3000000001
2023-08,INF,Information,2981.0,100.0,CES5000000001
2023-08,FAS,Financial activities,9193.0,100.0,CES5500000001
2023-08,PBS,Professional and business services,22768.0,100.0,CES6000000001
2023-08,HCS,Health care and social assistance,25544.0,100.0,CES6500000001
2023-08,RET,Retail trade,15531.2,100.0,CES4200000001
2023-09,MFG,Manufacturing,12872.0,100.08552989658659,CES3000000001
2023-09,INF,Information,2975.0,99.79872525997988,CES5000000001
2023-09,FAS,Financial activities,9186.0,99.92385510714674,CES5500000001
2023-09,PBS,Professional and business services,22743.0,99.89019676739284,CES6000000001
2023-09,HCS,Health care and social assistance,25641.0,100.3797369245224,CES6500000001
2023-09,RET,Retail trade,15531.3,100.00064386525187,CES4200000001
2023-10,MFG,Manufacturing,12837.0,99.81338931653838,CES3000000001
2023-10,INF,Information,2951.0,98.99362629989936,CES5000000001
2023-10,FAS,Financial activities,9179.0,99.84771021429349,CES5500000001
2023-10,PBS,Professional and business services,22715.0,99.7672171468728,CES6000000001
2023-10,HCS,Health care and social assistance,25735.0,100.74772940808016,CES6500000001
2023-10,RET,Retail trade,15543.9,100.08177088698878,CES4200000001
2023-11,MFG,Manufacturing,12859.0,99.98444910971152,CES3000000001
2023-11,INF,Information,2962.0,99.36262998993625,CES5000000001
2023-11,FAS,Financial activities,9172.0,99.77156532144022,CES5500000001
2023-11,PBS,Professional and business services,22661.0,99.53004216444133,CES6000000001
2023-11,HCS,Health care and social assistance,25853.0,101.20967741935485,CES6500000001
2023-11,RET,Retail trade,15511.3,99.87187081487585,CES4200000001
2023-12,MFG,Manufacturing,12872.0,100.08552989658659,CES3000000001
2023-12,INF,Information,2963.0,99.39617577993963,CES5000000001
2023-12,FAS,Financial activities,9176.0,99.81507668878494,CES5500000001
2023-12,PBS,Professional and business services,22643.0,99.45098383696416,CES6000000001
2023-12,HCS,Health care and social assistance,25935.0,101.5306921390542,CES6500000001
2023-12,RET,Retail trade,15550.9,100.12684145462036,CES4200000001
2024-01,MFG,Manufacturing,12875.0,100.10885623201928,CES3000000001
2024-01,INF,Information,2963.0,99.39617577993963,CES5000000001
2024-01,FAS,Financial activities,9165.0,99.69542042858697,CES5500000001
2024-01,PBS,Professional and business services,22668.0,99.56078706957133,CES6000000001
2024-01,HCS,Health care and social assistance,26033.0,101.91434387723145,CES6500000001
2024-01,RET,Retail trade,15524.0,99.95364170186463,CES4200000001
2024-02,MFG,Manufacturing,12852.0,99.93002099370189,CES3000000001
2024-02,INF,Information,2958.0,99.22844682992285,CES5000000001
2024-02,FAS,Financial activities,9151.0,99.54313064288046,CES5500000001
2024-02,PBS,Professional and business services,22658.0,99.51686577652846,CES6000000001
2024-02,HCS,Health care and social assistance,26130.0,102.29408080175384,CES6500000001
2024-02,RET,Retail trade,15528.5,99.98261563819923,CES4200000001
2024-03,MFG,Manufacturing,12836.0,99.80561387139414,CES3000000001
2024-03,INF,Information,2951.0,98.99362629989936,CES5000000001
2024-03,FAS,Financial activities,9149.0,99.5213749592081,CES5500000001
2024-03,PBS,Professional and business services,22631.0,99.39827828531273,CES6000000001
2024-03,HCS,Health care and social assistance,26225.0,102.6659880989665,CES6500000001
2024-03,RET,Retail trade,15529.3,99.98776656021427,CES4200000001
2024-04,MFG,Manufacturing,12833.0,99.78228753596143,CES3000000001
2024-04,INF,Information,2940.0,98.62462260986247,CES5000000001
2024-04,FAS,Financial activities,9144.0,99.46698575002719,CES5500000001
2024-04,PBS,Professional and business services,22616.0,99.33239634574842,CES6000000001
2024-04,HCS,Health care and social assistance,26313.0,103.01049170059504,CES6500000001
2024-04,RET,Retail trade,15531.2,100.0,CES4200000001
2024-05,MFG,Manufacturing,12825.0,99.72008397480757,CES3000000001
2024-05,INF,Information,2930.0,98.28916470982891,CES5000000001
2024-05,FAS,Financial activities,9147.0,99.49961927553574,CES5500000001
2024-05,PBS,Professional and business services,22633.0,99.4070625439213,CES6000000001
2024-05,HCS,Health care and social assistance,26383.0,103.28452865643595,CES6500000001
2024-05,RET,Retail trade,15536.0,100.03090553209024,CES4200000001
2024-06,MFG,Manufacturing,12814.0,99.63455407822099,CES3000000001
2024-06,INF,Information,2930.0,98.28916470982891,CES5000000001
2024-06,FAS,Financial activities,9159.0,99.63015337756988,CES5500000001
2024-06,PBS,Professional and business services,22606.0,99.28847505270555,CES6000000001
2024-06,HCS,Health care and social assistance,26474.0,103.64077669902913,CES6500000001
2024-06,RET,Retail trade,15499.9,99.79847017616153,CES4200000001
2024-07,MFG,Manufacturing,12806.0,99.5723505170671,CES3000000001
2024-07,INF,Information,2917.0,97.85306943978532,CES5000000001
2024-07,FAS,Financial activities,9154.0,99.57576416838899,CES5500000001
2024-07,PBS,Professional and business services,22584.0,99.19184820801125,CES6000000001
2024-07,HCS,Health care and social assistance,26515.0,103.8012840588788,CES6500000001
2024-07,RET,Retail trade,15480.8,99.67549191305243,CES4200000001
2024-08,MFG,Manufacturing,12772.0,99.30798538216314,CES3000000001
2024-08,INF,Information,2909.0,97.58470311975847,CES5000000001
2024-08,FAS,Financial activities,9162.0,99.66278690307843,CES5500000001
2024-08,PBS,Professional and business services,22544.0,99.01616303583978,CES6000000001
2024-08,HCS,Health care and social assistance,26573.0,104.02834325086125,CES6500000001
2024-08,RET,Retail trade,15458.4,99.53126609663128,CES4200000001
2024-09,MFG,Manufacturing,12758.0,99.19912915014385,CES3000000001
2024-09,INF,Information,2903.0,97.38342837973835,CES5000000001
2024-09,FAS,Financial activities,9162.0,99.66278690307843,CES5500000001
2024-09,PBS,Professional and business services,22525.0,98.93271257905832,CES6000000001
2024-09,HCS,Health care and social assistance,26691.0,104.49029126213591,CES6500000001
2024-09,RET,Retail trade,15456.7,99.52032038734934,CES4200000001
2024-10,MFG,Manufacturing,12697.0,98.72482699634554,CES3000000001
2024-10,INF,Information,2887.0,96.84669573968468,CES5000000001
2024-10,FAS,Financial activities,9164.0,99.6845425867508,CES5500000001
2024-10,PBS,Professional and business services,22486.0,98.76141953619114,CES6000000001
2024-10,HCS,Health care and social assistance,26786.0,104.86219855934857,CES6500000001
2024-10,RET,Retail trade,15452.4,99.49263418151848,CES4200000001
2024-11,MFG,Manufacturing,12711.0,98.83368322836482,CES3000000001
2024-11,INF,Information,2885.0,96.77960415967796,CES5000000001
2024-11,FAS,Financial activities,9173.0,99.7824431632764,CES5500000001
2024-11,PBS,Professional and business services,22499.0,98.81851721714688,CES6000000001
2024-11,HCS,Health care and social assistance,26870.0,105.19104290635765,CES6500000001
2024-11,RET,Retail trade,15409.8,99.21834758421757,CES4200000001
2024-12,MFG,Manufacturing,12693.0,98.69372521576861,CES3000000001
2024-12,INF,Information,2895.0,97.1150620597115,CES5000000001
2024-12,FAS,Financial activities,9179.0,99.84771021429349,CES5500000001
2024-12,PBS,Professional and business services,22532.0,98.96345748418834,CES6000000001
2024-12,HCS,Health care and social assistance,26945.0,105.4846539304729,CES6500000001
2024-12,RET,Retail trade,15460.1,99.54221180591325,CES4200000001
2025-01,MFG,Manufacturing,12673.0,98.5382163128839,CES3000000001
2025-01,INF,Information,2877.0,96.51123783965112,CES5000000001
2025-01,FAS,Financial activities,9187.0,99.93473294898291,CES5500000001
2025-01,PBS,Professional and business services,22480.0,98.73506676036541,CES6000000001
2025-01,HCS,Health care and social assistance,27006.0,105.72345756341998,CES6500000001
2025-01,RET,Retail trade,15459.3,99.5370608838982,CES4200000001
2025-02,MFG,Manufacturing,12671.0,98.52266542259545,CES3000000001
2025-02,INF,Information,2876.0,96.47769204964777,CES5000000001
2025-02,FAS,Financial activities,9199.0,100.06526705101709,CES5500000001
2025-02,PBS,Professional and business services,22473.0,98.70432185523542,CES6000000001
2025-02,HCS,Health care and social assistance,27064.0,105.95051675540243,CES6500000001
2025-02,RET,Retail trade,15441.8,99.4243844648192,CES4200000001
2025-03,MFG,Manufacturing,12666.0,98.48378819687427,CES3000000001
2025-03,INF,Information,2867.0,96.17577993961758,CES5000000001
2025-03,FAS,Financial activities,9201.0,100.08702273468944,CES5500000001
2025-03,PBS,Professional and business services,22457.0,98.63404778636684,CES6000000001
2025-03,HCS,Health care and social assistance,27132.0,106.21672408393361,CES6500000001
2025-03,RET,Retail trade,15457.5,99.52547130936436,CES4200000001
2025-04,MFG,Manufacturing,12662.0,98.45268641629733,CES3000000001
2025-04,INF,Information,2865.0,96.10868835961087,CES5000000001
2025-04,FAS,Financial activities,9205.0,100.13053410203416,CES5500000001
2025-04,PBS,Professional and business services,22470.0,98.69114546732256,CES6000000001
2025-04,HCS,Health care and social assistance,27216.0,106.5455684309427,CES6500000001
2025-04,RET,Retail trade,15461.6,99.55186978469146,CES4200000001
2025-05,MFG,Manufacturing,12651.0,98.36715651971075,CES3000000001
2025-05,INF,Information,2864.0,96.07514256960752,CES5000000001
2025-05,FAS,Financial activities,9211.0,100.19580115305125,CES5500000001
2025-05,PBS,Professional and business services,22450.0,98.60330288123681,CES6000000001
2025-05,HCS,Health care and social assistance,27276.0,106.78045725023489,CES6500000001
2025-05,RET,Retail trade,15440.0,99.41279489028535,CES4200000001
2025-06,MFG,Manufacturing,12636.0,98.25052484254724,CES3000000001
2025-06,INF,Information,2863.0,96.04159677960415,CES5000000001
2025-06,FAS,Financial activities,9204.0,100.11965626019798,CES5500000001
2025-06,PBS,Professional and business services,22419.0,98.46714687280394,CES6000000001
2025-06,HCS,Health care and social assistance,27325.0,106.97228311932352,CES6500000001
2025-06,RET,Retail trade,15425.5,99.31943442876275,CES4200000001
2025-07,MFG,Manufacturing,12625.0,98.16499494596066,CES3000000001
2025-07,INF,Information,2861.0,95.97450519959744,CES5000000001
2025-07,FAS,Financial activities,9204.0,100.11965626019798,CES5500000001
2025-07,PBS,Professional and business services,22403.0,98.39687280393534,CES6000000001
2025-07,HCS,Health care and social assistance,27412.0,107.31287190729721,CES6500000001
2025-07,RET,Retail trade,15430.2,99.34969609560112,CES4200000001
2025-08,MFG,Manufacturing,12615.0,98.08724049451831,CES3000000001
2025-08,INF,Information,2860.0,95.9409594095941,CES5000000001
2025-08,FAS,Financial activities,9185.0,99.91297726531056,CES5500000001
2025-08,PBS,Professional and business services,22375.0,98.27389318341531,CES6000000001
2025-08,HCS,Health care and social assistance,27435.0,107.40291262135922,CES6500000001
2025-08,RET,Retail trade,15440.3,99.41472648604099,CES4200000001
2025-09,MFG,Manufacturing,12612.0,98.06391415908561,CES3000000001
2025-09,INF,Information,2859.0,95.90741361959074,CES5000000001
2025-09,FAS,Financial activities,9189.0,99.95648863265528,CES5500000001
2025-09,PBS,Professional and business services,22359.0,98.20361911454674,CES6000000001
2025-09,HCS,Health care and social assistance,27489.0,107.6143125587222,CES6500000001
2025-09,RET,Retail trade,15453.4,99.49907283403728,CES4200000001
2025-10,MFG,Manufacturing,12603.0,97.99393515278749,CES3000000001
2025-10,INF,Information,2853.0,95.70613887957062,CES5000000001
2025-10,FAS,Financial activities,9184.0,99.90209942347438,CES5500000001
2025-10,PBS,Professional and business services,22335.0,98.09820801124386,CES6000000001
2025-10,HCS,Health care and social assistance,27533.0,107.78656435953648,CES6500000001
2025-10,RET,Retail trade,15438.0,99.39991758524775,CES4200000001
2025-11,MFG,Manufacturing,12593.0,97.91618070134516,CES3000000001
2025-11,INF,Information,2848.0,95.53840992955384,CES5000000001
2025-11,FAS,Financial activities,9185.0,99.91297726531056,CES5500000001
2025-11,PBS,Professional and business services,22391.0,98.34416725228391,CES6000000001
2025-11,HCS,Health care and social assistance,27589.0,108.00579392420921,CES6500000001
2025-11,RET,Retail trade,15437.1,99.39412279798083,CES4200000001
2025-12,MFG,Manufacturing,12580.0,97.81509991447011,CES3000000001
2025-12,INF,Information,2842.0,95.33713518953371,CES5000000001
2025-12,FAS,Financial activities,9186.0,99.92385510714674,CES5500000001
2025-12,PBS,Professional and business services,22372.0,98.26071679550246,CES6000000001
2025-12,HCS,Health care and social assistance,27627.0,108.15455684309427,CES6500000001
2025-12,RET,Retail trade,15413.5,99.24217059853714,CES4200000001
2026-01,MFG,Manufacturing,12585.0,97.85397714019128,CES3000000001
2026-01,INF,Information,2823.0,94.69976517946998,CES5000000001
2026-01,FAS,Financial activities,9156.0,99.59751985206135,CES5500000001
2026-01,PBS,Professional and business services,22390.0,98.33977512297962,CES6000000001
2026-01,HCS,Health care and social assistance,27756.0,108.6595678045725,CES6500000001
2026-01,RET,Retail trade,15424.2,99.3110641804883,CES4200000001
2026-02,MFG,Manufacturing,12573.0,97.76067179846046,CES3000000001
2026-02,INF,Information,2812.0,94.33076148943307,CES5000000001
2026-02,FAS,Financial activities,9166.0,99.70629827042315,CES5500000001
2026-02,PBS,Professional and business services,22385.0,98.31781447645818,CES6000000001
2026-02,HCS,Health care and social assistance,27722.0,108.52646414030691,CES6500000001
2026-02,RET,Retail trade,15426.5,99.32587308128154,CES4200000001
