month,occ22_code,occ22_label,exposure_pct,adoption_mix_occ_month,awes_raw,awes_pct,sector6_coverage_share,coverage_flag_low
2023-09,occ22_01,Management Occupations,0.7619047619047619,0.055225518128520695,0.04207658524077767,0.5054945054945055,0.6810080944083203,0
2023-09,occ22_02,Business and Financial Operations Occupations,0.9047619047619048,0.05897617650850509,0.05335939779340937,0.6138147566718996,0.7097463828669083,0
2023-09,occ22_03,Computer and Mathematical Occupations,1.0,0.07267285286443903,0.07267285286443903,0.7645211930926217,0.8641926333607427,0
2023-09,occ22_04,Architecture and Engineering Occupations,0.8571428571428571,0.04924180101209436,0.042207258010366594,0.5070643642072213,0.7506096088375753,0
2023-09,occ22_05,"Life, Physical, and Social Science Occupations",0.9523809523809524,0.05520928398875224,0.05258027046547833,0.5949764521193093,0.6380444849942631,0
2023-09,occ22_06,Community and Social Service Occupations,0.6190476190476191,0.045796826854952094,0.028350416624494154,0.3704866562009419,0.7328886536635482,0
2023-09,occ22_07,Legal Occupations,0.7142857142857143,0.06733610047828748,0.0480972146273482,0.5572998430141287,0.7400208887946538,0
2023-09,occ22_08,Educational Instruction and Library Occupations,0.4761904761904761,0.06621638377832316,0.03153161132301102,0.3987441130298273,0.9590229433518596,0
2023-09,occ22_09,"Arts, Design, Entertainment, Sports, and Media Occupations",0.3809523809523809,0.07860866788093988,0.029946159192739,0.38461538461538464,0.7108046809483876,0
2023-09,occ22_10,Healthcare Practitioners and Technical Occupations,0.8095238095238095,0.03932481346193685,0.03183437280252031,0.40188383045525905,0.9366029655822332,0
2023-09,occ22_11,Healthcare Support Occupations,0.5238095238095238,0.03837196807898759,0.020099602327088736,0.3092621664050236,0.9687580558539204,0
2023-09,occ22_12,Protective Service Occupations,0.6666666666666666,0.0625677697494315,0.041711846499620994,0.49921507064364207,0.3690887899051142,1
2023-09,occ22_13,Food Preparation and Serving Related Occupations,0.0,0.04206039347965715,0.0,0.02197802197802198,0.1285775149667609,1
2023-09,occ22_14,Building and Grounds Cleaning and Maintenance Occupations,0.0476190476190476,0.060754512598858376,0.0028930720285170646,0.04552590266875981,0.722387548485819,0
2023-09,occ22_15,Personal Care and Service Occupations,0.0952380952380952,0.05220574450562536,0.004971975667202413,0.0706436420722135,0.3321128382997038,1
2023-09,occ22_16,Sales and Related Occupations,0.238095238095238,0.03534165048303728,0.008414678686437443,0.14599686028257458,0.8138577421401217,0
2023-09,occ22_17,Office and Administrative Support Occupations,0.5714285714285714,0.05123298936385673,0.029275993922203845,0.37676609105180536,0.6655390310494093,0
2023-09,occ22_18,"Farming, Fishing, and Forestry Occupations",0.1904761904761904,0.034109514547691795,0.00649705039003653,0.10047095761381476,0.1632273572497619,1
2023-09,occ22_19,Construction and Extraction Occupations,0.2857142857142857,0.05049200626487148,0.014426287504248993,0.25745682888540034,0.1118327876222348,1
2023-09,occ22_20,"Installation, Maintenance, and Repair Occupations",0.4285714285714285,0.04503199555505043,0.01929942666645018,0.2967032967032967,0.4678636830586449,1
2023-09,occ22_21,Production Occupations,0.3333333333333333,0.02345886844659776,0.007819622815532586,0.13343799058084774,0.8395652507082461,0
2023-09,occ22_22,Transportation and Material Moving Occupations,0.1428571428571428,0.03579577651599645,0.005113682359428062,0.07535321821036106,0.4341219397622235,1
2023-10,occ22_01,Management Occupations,0.7619047619047619,0.055848816338143994,0.04255147911477637,0.5117739403453689,0.6810080944083203,0
2023-10,occ22_02,Business and Financial Operations Occupations,0.9047619047619048,0.05999300376952499,0.05427938436290356,0.6216640502354788,0.7097463828669083,0
2023-10,occ22_03,Computer and Mathematical Occupations,1.0,0.0723097423064875,0.0723097423064875,0.7613814756671899,0.8641926333607427,0
2023-10,occ22_04,Architecture and Engineering Occupations,0.8571428571428571,0.04926883016800527,0.042230425858290226,0.5086342229199372,0.7506096088375753,0
2023-10,occ22_05,"Life, Physical, and Social Science Occupations",0.9523809523809524,0.05528458262983668,0.05265198345698732,0.598116169544741,0.6380444849942631,0
2023-10,occ22_06,Community and Social Service Occupations,0.6190476190476191,0.046154138871652636,0.02857160977768973,0.37362637362637363,0.7328886536635482,0
2023-10,occ22_07,Legal Occupations,0.7142857142857143,0.0674947428162117,0.048210530583008365,0.5604395604395604,0.7400208887946538,0
2023-10,occ22_08,Educational Instruction and Library Occupations,0.4761904761904761,0.06610987277516141,0.031480891797695906,0.3956043956043956,0.9590229433518596,0
2023-10,occ22_09,"Arts, Design, Entertainment, Sports, and Media Occupations",0.3809523809523809,0.0773456361096906,0.02946500423226308,0.3783359497645212,0.7108046809483876,0
2023-10,occ22_10,Healthcare Practitioners and Technical Occupations,0.8095238095238095,0.03982850886496036,0.03224212622401553,0.40816326530612246,0.9366029655822332,0
2023-10,occ22_11,Healthcare Support Occupations,0.5238095238095238,0.03884694888369314,0.020348401796220217,0.3139717425431711,0.9687580558539204,0
2023-10,occ22_12,Protective Service Occupations,0.6666666666666666,0.06267860703722251,0.04178573802481501,0.5039246467817896,0.3690887899051142,1
2023-10,occ22_13,Food Preparation and Serving Related Occupations,0.0,0.042460534407434074,0.0,0.02197802197802198,0.1285775149667609,1
2023-10,occ22_14,Building and Grounds Cleaning and Maintenance Occupations,0.0476190476190476,0.060945395783476145,0.0029021617039750535,0.04709576138147567,0.722387548485819,0
2023-10,occ22_15,Personal Care and Service Occupations,0.0952380952380952,0.05224978134805303,0.004976169652195525,0.07221350078492936,0.3321128382997038,1
2023-10,occ22_16,Sales and Related Occupations,0.238095238095238,0.03652061360211041,0.008695384190978666,0.15698587127158556,0.8138577421401217,0
2023-10,occ22_17,Office and Administrative Support Occupations,0.5714285714285714,0.05216566506204915,0.029808951464028084,0.38304552590266877,0.6655390310494093,0
2023-10,occ22_18,"Farming, Fishing, and Forestry Occupations",0.1904761904761904,0.03457865280038104,0.006586410057215434,0.10832025117739404,0.1632273572497619,1
2023-10,occ22_19,Construction and Extraction Occupations,0.2857142857142857,0.05076985934158607,0.01450567409759602,0.260596546310832,0.1118327876222348,1
2023-10,occ22_20,"Installation, Maintenance, and Repair Occupations",0.4285714285714285,0.04578260080059601,0.01962111462882686,0.29984301412872844,0.4678636830586449,1
2023-10,occ22_21,Production Occupations,0.3333333333333333,0.023910867006092833,0.007970289002030943,0.13657770800627944,0.8395652507082461,0
2023-10,occ22_22,Transportation and Material Moving Occupations,0.1428571428571428,0.0364675551553707,0.0052096507364815265,0.07692307692307693,0.4341219397622235,1
2023-11,occ22_01,Management Occupations,0.7619047619047619,0.059067946805153045,0.04500414994678327,0.5306122448979592,0.6810080944083203,0
2023-11,occ22_02,Business and Financial Operations Occupations,0.9047619047619048,0.06311496707806842,0.057104017832538094,0.6452119309262166,0.7097463828669083,0
2023-11,occ22_03,Computer and Mathematical Occupations,1.0,0.07611658811227959,0.07611658811227959,0.7849293563579278,0.8641926333607427,0
2023-11,occ22_04,Architecture and Engineering Occupations,0.8571428571428571,0.05280281765842331,0.04525955799293426,0.5368916797488226,0.7506096088375753,0
2023-11,occ22_05,"Life, Physical, and Social Science Occupations",0.9523809523809524,0.05861716810306359,0.055825874383870086,0.6389324960753532,0.6380444849942631,0
2023-11,occ22_06,Community and Social Service Occupations,0.6190476190476191,0.04903216534853691,0.030353245215760945,0.3893249607535322,0.7328886536635482,0
2023-11,occ22_07,Legal Occupations,0.7142857142857143,0.07086914603056695,0.050620818593262104,0.5777080062794349,0.7400208887946538,0
2023-11,occ22_08,Educational Instruction and Library Occupations,0.4761904761904761,0.06951384652898104,0.03310183168046716,0.41444270015698587,0.9590229433518596,0
2023-11,occ22_09,"Arts, Design, Entertainment, Sports, and Media Occupations",0.3809523809523809,0.08161746785080654,0.03109236870506915,0.3924646781789639,0.7108046809483876,0
2023-11,occ22_10,Healthcare Practitioners and Technical Occupations,0.8095238095238095,0.04257664081440782,0.03446680446880633,0.4301412872841444,0.9366029655822332,0
2023-11,occ22_11,Healthcare Support Occupations,0.5238095238095238,0.04155010711020494,0.021764341819631158,0.3218210361067504,0.9687580558539204,0
2023-11,occ22_12,Protective Service Occupations,0.6666666666666666,0.06600135427598564,0.04400090285065709,0.5196232339089482,0.3690887899051142,1
2023-11,occ22_13,Food Preparation and Serving Related Occupations,0.0,0.04553702549010162,0.0,0.02197802197802198,0.1285775149667609,1
2023-11,occ22_14,Building and Grounds Cleaning and Maintenance Occupations,0.0476190476190476,0.06421231921125237,0.0030577294862501117,0.04866562009419152,0.722387548485819,0
2023-11,occ22_15,Personal Care and Service Occupations,0.0952380952380952,0.055430328131061794,0.005279078869624931,0.08006279434850863,0.3321128382997038,1
2023-11,occ22_16,Sales and Related Occupations,0.238095238095238,0.039423471372285836,0.009386540802925196,0.1695447409733124,0.8138577421401217,0
2023-11,occ22_17,Office and Administrative Support Occupations,0.5714285714285714,0.05517224052979354,0.03152699458845345,0.39717425431711145,0.6655390310494093,0
2023-11,occ22_18,"Farming, Fishing, and Forestry Occupations",0.1904761904761904,0.037852333320102134,0.007209968251448023,0.12558869701726844,0.1632273572497619,1
2023-11,occ22_19,Construction and Extraction Occupations,0.2857142857142857,0.0541497424776362,0.015471354993610343,0.2731554160125589,0.1118327876222348,1
2023-11,occ22_20,"Installation, Maintenance, and Repair Occupations",0.4285714285714285,0.04902852841021493,0.02101222646152068,0.31868131868131866,0.4678636830586449,1
2023-11,occ22_21,Production Occupations,0.3333333333333333,0.027371607781503028,0.00912386926050101,0.1664050235478807,0.8395652507082461,0
2023-11,occ22_22,Transportation and Material Moving Occupations,0.1428571428571428,0.03957346830829529,0.005653352615470754,0.08320251177394035,0.4341219397622235,1
2023-12,occ22_01,Management Occupations,0.7619047619047619,0.06415893790959062,0.04888300031206905,0.5667189952904239,0.6810080944083203,0
2023-12,occ22_02,Business and Financial Operations Occupations,0.9047619047619048,0.0684568849313564,0.061937181604560555,0.6813186813186813,0.7097463828669083,0
2023-12,occ22_03,Computer and Mathematical Occupations,1.0,0.08313214220986233,0.08313214220986233,0.8053375196232339,0.8641926333607427,0
2023-12,occ22_04,Architecture and Engineering Occupations,0.8571428571428571,0.05684636379781368,0.04872545468384029,0.565149136577708,0.7506096088375753,0
2023-12,occ22_05,"Life, Physical, and Social Science Occupations",0.9523809523809524,0.062387938598866835,0.05941708437987318,0.6577708006279435,0.6380444849942631,0
2023-12,occ22_06,Community and Social Service Occupations,0.6190476190476191,0.05264338965411037,0.032588765023973086,0.41130298273155413,0.7328886536635482,0
2023-12,occ22_07,Legal Occupations,0.7142857142857143,0.07516255519593452,0.05368753942566752,0.6185243328100472,0.7400208887946538,0
2023-12,occ22_08,Educational Instruction and Library Occupations,0.4761904761904761,0.07331783916116875,0.03491325674341369,0.43328100470957615,0.9590229433518596,0
2023-12,occ22_09,"Arts, Design, Entertainment, Sports, and Media Occupations",0.3809523809523809,0.09018511628911619,0.03435623477680616,0.42857142857142855,0.7108046809483876,0
2023-12,occ22_10,Healthcare Practitioners and Technical Occupations,0.8095238095238095,0.04610908090203529,0.03732639882545714,0.4552590266875981,0.9366029655822332,0
2023-12,occ22_11,Healthcare Support Occupations,0.5238095238095238,0.04506261839215647,0.023604228681605773,0.3328100470957614,0.9687580558539204,0
2023-12,occ22_12,Protective Service Occupations,0.6666666666666666,0.06987256803649808,0.04658171202433205,0.543171114599686,0.3690887899051142,1
2023-12,occ22_13,Food Preparation and Serving Related Occupations,0.0,0.049328269065116226,0.0,0.02197802197802198,0.1285775149667609,1
2023-12,occ22_14,Building and Grounds Cleaning and Maintenance Occupations,0.0476190476190476,0.06808917809517259,0.0032423418140558368,0.05023547880690738,0.722387548485819,0
2023-12,occ22_15,Personal Care and Service Occupations,0.0952380952380952,0.06025845284037664,0.005738900270512059,0.0847723704866562,0.3321128382997038,1
2023-12,occ22_16,Sales and Related Occupations,0.238095238095238,0.043594100968493546,0.010379547849641317,0.18524332810047095,0.8138577421401217,0
2023-12,occ22_17,Office and Administrative Support Occupations,0.5714285714285714,0.05985961558040627,0.03420549461737501,0.42700156985871274,0.6655390310494093,0
2023-12,occ22_18,"Farming, Fishing, and Forestry Occupations",0.1904761904761904,0.04128568120774284,0.0078639392776653,0.13500784929356358,0.1632273572497619,1
2023-12,occ22_19,Construction and Extraction Occupations,0.2857142857142857,0.05814137481356538,0.016611821375304394,0.27629513343799056,0.1118327876222348,1
2023-12,occ22_20,"Installation, Maintenance, and Repair Occupations",0.4285714285714285,0.05429390553640351,0.023268816658458643,0.32967032967032966,0.4678636830586449,1
2023-12,occ22_21,Production Occupations,0.3333333333333333,0.030922144739239914,0.010307381579746637,0.18210361067503925,0.8395652507082461,0
2023-12,occ22_22,Transportation and Material Moving Occupations,0.1428571428571428,0.04307043317362109,0.00615291902480301,0.08791208791208792,0.4341219397622235,1
2024-01,occ22_01,Management Occupations,0.7619047619047619,0.0697804423393065,0.05316605130613828,0.6075353218210361,0.6810080944083203,0
2024-01,occ22_02,Business and Financial Operations Occupations,0.9047619047619048,0.07442907350366382,0.06734059031283869,0.717425431711146,0.7097463828669083,0
2024-01,occ22_03,Computer and Mathematical Occupations,1.0,0.09055816587337656,0.09055816587337656,0.8351648351648352,0.8641926333607427,0
2024-01,occ22_04,Architecture and Engineering Occupations,0.8571428571428571,0.06234736911298154,0.053440602096841316,0.6153846153846154,0.7506096088375753,0
2024-01,occ22_05,"Life, Physical, and Social Science Occupations",0.9523809523809524,0.06811447293509011,0.06487092660484772,0.6970172684458399,0.6380444849942631,0
2024-01,occ22_06,Community and Social Service Occupations,0.6190476190476191,0.056847777258583435,0.03519148116007546,0.434850863422292,0.7328886536635482,0
2024-01,occ22_07,Legal Occupations,0.7142857142857143,0.0820278697464376,0.05859133553316971,0.6530612244897959,0.7400208887946538,0
2024-01,occ22_08,Educational Instruction and Library Occupations,0.4761904761904761,0.08005891033539567,0.03812329063590269,0.46467817896389324,0.9590229433518596,0
2024-01,occ22_09,"Arts, Design, Entertainment, Sports, and Media Occupations",0.3809523809523809,0.09824317537885383,0.03742597157289669,0.45839874411302983,0.7108046809483876,0
2024-01,occ22_10,Healthcare Practitioners and Technical Occupations,0.8095238095238095,0.04957772705501384,0.04013435047310644,0.4850863422291994,0.9366029655822332,0
2024-01,occ22_11,Healthcare Support Occupations,0.5238095238095238,0.048349755011681095,0.025326062148975814,0.34850863422291994,0.9687580558539204,0
2024-01,occ22_12,Protective Service Occupations,0.6666666666666666,0.07624393126215405,0.0508292875081027,0.5792778649921507,0.3690887899051142,1
2024-01,occ22_13,Food Preparation and Serving Related Occupations,0.0,0.053549090488405365,0.0,0.02197802197802198,0.1285775149667609,1
2024-01,occ22_14,Building and Grounds Cleaning and Maintenance Occupations,0.0476190476190476,0.07423945384005658,0.0035352120876217404,0.05180533751962323,0.722387548485819,0
2024-01,occ22_15,Personal Care and Service Occupations,0.0952380952380952,0.06523155647667286,0.0062125291882545565,0.09105180533751962,0.3321128382997038,1
2024-01,occ22_16,Sales and Related Occupations,0.238095238095238,0.04725560570523252,0.011251334691722023,0.21036106750392464,0.8138577421401217,0
2024-01,occ22_17,Office and Administrative Support Occupations,0.5714285714285714,0.0649631367111034,0.0371217924063448,0.45054945054945056,0.6655390310494093,0
2024-01,occ22_18,"Farming, Fishing, and Forestry Occupations",0.1904761904761904,0.045266478342749474,0.008622186350999896,0.15384615384615385,0.1632273572497619,1
2024-01,occ22_19,Construction and Extraction Occupations,0.2857142857142857,0.0636152700666088,0.018175791447602514,0.282574568288854,0.1118327876222348,1
2024-01,occ22_20,"Installation, Maintenance, and Repair Occupations",0.4285714285714285,0.059083963385289234,0.02532169859369538,0.3469387755102041,0.4678636830586449,1
2024-01,occ22_21,Production Occupations,0.3333333333333333,0.03428877320175599,0.011429591067251995,0.21821036106750394,0.8395652507082461,0
2024-01,occ22_22,Transportation and Material Moving Occupations,0.1428571428571428,0.04697973666712614,0.006711390952446589,0.1130298273155416,0.4341219397622235,1
2024-02,occ22_01,Management Occupations,0.7619047619047619,0.07236065057899255,0.055131924250660984,0.631083202511774,0.6810080944083203,0
2024-02,occ22_02,Business and Financial Operations Occupations,0.9047619047619048,0.07739940435761958,0.07002803251403676,0.7425431711145997,0.7097463828669083,0
2024-02,occ22_03,Computer and Mathematical Occupations,1.0,0.09374120693303208,0.09374120693303208,0.8540031397174255,0.8641926333607427,0
2024-02,occ22_04,Architecture and Engineering Occupations,0.8571428571428571,0.06449230809720014,0.05527912122617154,0.6342229199372057,0.7506096088375753,0
2024-02,occ22_05,"Life, Physical, and Social Science Occupations",0.9523809523809524,0.07117675179470083,0.06778738266161984,0.7237048665620094,0.6380444849942631,0
2024-02,occ22_06,Community and Social Service Occupations,0.6190476190476191,0.059995630044760245,0.03714015193247063,0.4521193092621664,0.7328886536635482,0
2024-02,occ22_07,Legal Occupations,0.7142857142857143,0.08584314058656121,0.06131652899040087,0.6750392464678179,0.7400208887946538,0
2024-02,occ22_08,Educational Instruction and Library Occupations,0.4761904761904761,0.0839479082224317,0.03997519439163413,0.4835164835164835,0.9590229433518596,0
2024-02,occ22_09,"Arts, Design, Entertainment, Sports, and Media Occupations",0.3809523809523809,0.10093068914476723,0.0384497863408637,0.46781789638932497,0.7108046809483876,0
2024-02,occ22_10,Healthcare Practitioners and Technical Occupations,0.8095238095238095,0.05224875050330993,0.042296607550298515,0.5102040816326531,0.9366029655822332,0
2024-02,occ22_11,Healthcare Support Occupations,0.5238095238095238,0.05121411172908715,0.02682643947714089,0.3626373626373626,0.9687580558539204,0
2024-02,occ22_12,Protective Service Occupations,0.6666666666666666,0.07970699092689795,0.0531379939512653,0.6059654631083202,0.3690887899051142,1
2024-02,occ22_13,Food Preparation and Serving Related Occupations,0.0,0.05507967999784533,0.0,0.02197802197802198,0.1285775149667609,1
2024-02,occ22_14,Building and Grounds Cleaning and Maintenance Occupations,0.0476190476190476,0.0777083545614889,0.003700397836261375,0.058084772370486655,0.722387548485819,0
2024-02,occ22_15,Personal Care and Service Occupations,0.0952380952380952,0.06803469235964109,0.006479494510442006,0.0989010989010989,0.3321128382997038,1
2024-02,occ22_16,Sales and Related Occupations,0.238095238095238,0.04714974507095346,0.011226129778798439,0.20722135007849293,0.8138577421401217,0
2024-02,occ22_17,Office and Administrative Support Occupations,0.5714285714285714,0.06751843981343852,0.03858196560767915,0.46938775510204084,0.6655390310494093,0
2024-02,occ22_18,"Farming, Fishing, and Forestry Occupations",0.1904761904761904,0.04582795044478842,0.008729133418054934,0.15855572998430142,0.1632273572497619,1
2024-02,occ22_19,Construction and Extraction Occupations,0.2857142857142857,0.06592986902447154,0.018837105435563297,0.29199372056514916,0.1118327876222348,1
2024-02,occ22_20,"Installation, Maintenance, and Repair Occupations",0.4285714285714285,0.06024006723547423,0.025817171672346095,0.35478806907378335,0.4678636830586449,1
2024-02,occ22_21,Production Occupations,0.3333333333333333,0.03424837082045331,0.01141612360681777,0.21664050235478807,0.8395652507082461,0
2024-02,occ22_22,Transportation and Material Moving Occupations,0.1428571428571428,0.04739055612696104,0.006770079446708717,0.11616954474097331,0.4341219397622235,1
2024-03,occ22_01,Management Occupations,0.7619047619047619,0.0699153477515618,0.053268836382142325,0.609105180533752,0.6810080944083203,0
2024-03,occ22_02,Business and Financial Operations Occupations,0.9047619047619048,0.0748994174016877,0.06776613955390792,0.7221350078492935,0.7097463828669083,0
2024-03,occ22_03,Computer and Mathematical Occupations,1.0,0.08985036657299134,0.08985036657299134,0.8335949764521193,0.8641926333607427,0
2024-03,occ22_04,Architecture and Engineering Occupations,0.8571428571428571,0.06364101747664364,0.054549443551408824,0.6279434850863422,0.7506096088375753,0
2024-03,occ22_05,"Life, Physical, and Social Science Occupations",0.9523809523809524,0.07038022158703329,0.06702878246384124,0.7127158555729984,0.6380444849942631,0
2024-03,occ22_06,Community and Social Service Occupations,0.6190476190476191,0.05819677947004757,0.0360265777671723,0.43956043956043955,0.7328886536635482,0
2024-03,occ22_07,Legal Occupations,0.7142857142857143,0.08488325749287703,0.060630898209197884,0.6703296703296703,0.7400208887946538,0
2024-03,occ22_08,Educational Instruction and Library Occupations,0.4761904761904761,0.0834439311403997,0.03973520530495223,0.4772370486656201,0.9590229433518596,0
2024-03,occ22_09,"Arts, Design, Entertainment, Sports, and Media Occupations",0.3809523809523809,0.09536103801211589,0.036328014480806047,0.4427001569858713,0.7108046809483876,0
2024-03,occ22_10,Healthcare Practitioners and Technical Occupations,0.8095238095238095,0.05010302093584033,0.04055958837663265,0.48822605965463106,0.9366029655822332,0
2024-03,occ22_11,Healthcare Support Occupations,0.5238095238095238,0.04897297552010924,0.02565251098672389,0.3500784929356358,0.9687580558539204,0
2024-03,occ22_12,Protective Service Occupations,0.6666666666666666,0.07893740343304456,0.0526249356220297,0.5965463108320251,0.3690887899051142,1
2024-03,occ22_13,Food Preparation and Serving Related Occupations,0.0,0.05320045546312258,0.0,0.02197802197802198,0.1285775149667609,1
2024-03,occ22_14,Building and Grounds Cleaning and Maintenance Occupations,0.0476190476190476,0.07683400176061125,0.0036587619886005347,0.054945054945054944,0.722387548485819,0
2024-03,occ22_15,Personal Care and Service Occupations,0.0952380952380952,0.06518955681244967,0.0062085292202333,0.08948194662480377,0.3321128382997038,1
2024-03,occ22_16,Sales and Related Occupations,0.238095238095238,0.044509495944291017,0.010597499034355,0.19152276295133439,0.8138577421401217,0
2024-03,occ22_17,Office and Administrative Support Occupations,0.5714285714285714,0.06522594499083073,0.03727196856618899,0.45368916797488223,0.6655390310494093,0
2024-03,occ22_18,"Farming, Fishing, and Forestry Occupations",0.1904761904761904,0.04482832091806802,0.008538727793917716,0.152276295133438,0.1632273572497619,1
2024-03,occ22_19,Construction and Extraction Occupations,0.2857142857142857,0.06497548712834392,0.018564424893812548,0.28728414442700156,0.1118327876222348,1
2024-03,occ22_20,"Installation, Maintenance, and Repair Occupations",0.4285714285714285,0.057291494207394454,0.02455349751745476,0.34222919937205654,0.4678636830586449,1
2024-03,occ22_21,Production Occupations,0.3333333333333333,0.03349288109288945,0.011164293697629816,0.20408163265306123,0.8395652507082461,0
2024-03,occ22_22,Transportation and Material Moving Occupations,0.1428571428571428,0.04591819116723608,0.006559741595319438,0.10361067503924647,0.4341219397622235,1
2024-04,occ22_01,Management Occupations,0.7619047619047619,0.06853480863542213,0.05221699705555972,0.5871271585557299,0.6810080944083203,0
2024-04,occ22_02,Business and Financial Operations Occupations,0.9047619047619048,0.07293454847982639,0.06598840100555721,0.7048665620094191,0.7097463828669083,0
2024-04,occ22_03,Computer and Mathematical Occupations,1.0,0.08826075098439684,0.08826075098439684,0.8273155416012559,0.8641926333607427,0
2024-04,occ22_04,Architecture and Engineering Occupations,0.8571428571428571,0.062204771237566,0.05331837534648514,0.6122448979591837,0.7506096088375753,0
2024-04,occ22_05,"Life, Physical, and Social Science Occupations",0.9523809523809524,0.06949395366904107,0.06618471778003912,0.7095761381475667,0.6380444849942631,0
2024-04,occ22_06,Community and Social Service Occupations,0.6190476190476191,0.05922326634210277,0.03666202202130172,0.4489795918367347,0.7328886536635482,0
2024-04,occ22_07,Legal Occupations,0.7142857142857143,0.08324505129442511,0.05946075092458936,0.6593406593406593,0.7400208887946538,0
2024-04,occ22_08,Educational Instruction and Library Occupations,0.4761904761904761,0.08224017835130495,0.03916198969109759,0.4740973312401884,0.9590229433518596,0
2024-04,occ22_09,"Arts, Design, Entertainment, Sports, and Media Occupations",0.3809523809523809,0.09411175620708352,0.035852097602698474,0.4364207221350079,0.7108046809483876,0
2024-04,occ22_10,Healthcare Practitioners and Technical Occupations,0.8095238095238095,0.051571151760873346,0.04174807523499271,0.5007849293563579,0.9366029655822332,0
2024-04,occ22_11,Healthcare Support Occupations,0.5238095238095238,0.050850163710529674,0.026635800038848877,0.35949764521193095,0.9687580558539204,0
2024-04,occ22_12,Protective Service Occupations,0.6666666666666666,0.07766161706283009,0.051774411375220056,0.5855572998430141,0.3690887899051142,1
2024-04,occ22_13,Food Preparation and Serving Related Occupations,0.0,0.05295800203528331,0.0,0.02197802197802198,0.1285775149667609,1
2024-04,occ22_14,Building and Grounds Cleaning and Maintenance Occupations,0.0476190476190476,0.0757372130997964,0.003606533957133161,0.05337519623233909,0.722387548485819,0
2024-04,occ22_15,Personal Care and Service Occupations,0.0952380952380952,0.0656418537828204,0.00625160512217337,0.09576138147566719,0.3321128382997038,1
2024-04,occ22_16,Sales and Related Occupations,0.238095238095238,0.043042960666812784,0.010248323968288753,0.17739403453689168,0.8138577421401217,0
2024-04,occ22_17,Office and Administrative Support Occupations,0.5714285714285714,0.06408104838884397,0.03661774193648227,0.44583987441130296,0.6655390310494093,0
2024-04,occ22_18,"Farming, Fishing, and Forestry Occupations",0.1904761904761904,0.04359476838804424,0.008303765407246519,0.14442700156985872,0.1632273572497619,1
2024-04,occ22_19,Construction and Extraction Occupations,0.2857142857142857,0.06351924986641404,0.018148357104689723,0.28100470957613816,0.1118327876222348,1
2024-04,occ22_20,"Installation, Maintenance, and Repair Occupations",0.4285714285714285,0.0557305350355469,0.02388451501523438,0.3359497645211931,0.4678636830586449,1
2024-04,occ22_21,Production Occupations,0.3333333333333333,0.03210406523689551,0.01070135507896517,0.1946624803767661,0.8395652507082461,0
2024-04,occ22_22,Transportation and Material Moving Occupations,0.1428571428571428,0.04473307333377002,0.006390439047681428,0.09733124018838304,0.4341219397622235,1
2024-05,occ22_01,Management Occupations,0.7619047619047619,0.06899078360330316,0.05256440655489764,0.5934065934065934,0.6810080944083203,0
2024-05,occ22_02,Business and Financial Operations Occupations,0.9047619047619048,0.07328787469126063,0.06630807710161676,0.7111459968602826,0.7097463828669083,0
2024-05,occ22_03,Computer and Mathematical Occupations,1.0,0.08943193572207428,0.08943193572207428,0.8304552590266876,0.8641926333607427,0
2024-05,occ22_04,Architecture and Engineering Occupations,0.8571428571428571,0.06340192701401169,0.054344508869152874,0.6232339089481946,0.7506096088375753,0
2024-05,occ22_05,"Life, Physical, and Social Science Occupations",0.9523809523809524,0.07070137284366354,0.0673346408034891,0.7158555729984302,0.6380444849942631,0
2024-05,occ22_06,Community and Social Service Occupations,0.6190476190476191,0.05844574795074192,0.03618070111236405,0.4411302982731554,0.7328886536635482,0
2024-05,occ22_07,Legal Occupations,0.7142857142857143,0.0851757208212161,0.060839800586582934,0.673469387755102,0.7400208887946538,0
2024-05,occ22_08,Educational Instruction and Library Occupations,0.4761904761904761,0.08436193759638264,0.04017235123637267,0.48665620094191525,0.9590229433518596,0
2024-05,occ22_09,"Arts, Design, Entertainment, Sports, and Media Occupations",0.3809523809523809,0.09562905401494368,0.03643011581521663,0.44427001569858715,0.7108046809483876,0
2024-05,occ22_10,Healthcare Practitioners and Technical Occupations,0.8095238095238095,0.050234484351663805,0.04066601114182308,0.4897959183673469,0.9366029655822332,0
2024-05,occ22_11,Healthcare Support Occupations,0.5238095238095238,0.04907149446416327,0.02570411614789505,0.3532182103610675,0.9687580558539204,0
2024-05,occ22_12,Protective Service Occupations,0.6666666666666666,0.07956988935402226,0.0530465929026815,0.6028257456828885,0.3690887899051142,1
2024-05,occ22_13,Food Preparation and Serving Related Occupations,0.0,0.05357343005282175,0.0,0.02197802197802198,0.1285775149667609,1
2024-05,occ22_14,Building and Grounds Cleaning and Maintenance Occupations,0.0476190476190476,0.0772716868670741,0.0036796041365273367,0.0565149136577708,0.722387548485819,0
2024-05,occ22_15,Personal Care and Service Occupations,0.0952380952380952,0.06540807214209707,0.0062293402040092425,0.09419152276295134,0.3321128382997038,1
2024-05,occ22_16,Sales and Related Occupations,0.238095238095238,0.044134196436130785,0.010508142008602563,0.18838304552590268,0.8138577421401217,0
2024-05,occ22_17,Office and Administrative Support Occupations,0.5714285714285714,0.06413641236586667,0.036649378494780956,0.4474097331240188,0.6655390310494093,0
2024-05,occ22_18,"Farming, Fishing, and Forestry Occupations",0.1904761904761904,0.044579592214768635,0.008491350898051166,0.15070643642072212,0.1632273572497619,1
2024-05,occ22_19,Construction and Extraction Occupations,0.2857142857142857,0.0646849058540182,0.018481401672576628,0.2857142857142857,0.1118327876222348,1
2024-05,occ22_20,"Installation, Maintenance, and Repair Occupations",0.4285714285714285,0.0560437418393504,0.02401874650257874,0.33751962323390894,0.4678636830586449,1
2024-05,occ22_21,Production Occupations,0.3333333333333333,0.03198982406889162,0.01066327468963054,0.19309262166405022,0.8395652507082461,0
2024-05,occ22_22,Transportation and Material Moving Occupations,0.1428571428571428,0.04603366082975583,0.0065762372613936875,0.10675039246467818,0.4341219397622235,1
2024-06,occ22_01,Management Occupations,0.7619047619047619,0.07153365574035284,0.05450183294503073,0.6248037676609105,0.6810080944083203,0
2024-06,occ22_02,Business and Financial Operations Occupations,0.9047619047619048,0.07595863742215765,0.06872448147719026,0.7315541601255887,0.7097463828669083,0
2024-06,occ22_03,Computer and Mathematical Occupations,1.0,0.09235463674087258,0.09235463674087258,0.847723704866562,0.8641926333607427,0
2024-06,occ22_04,Architecture and Engineering Occupations,0.8571428571428571,0.06496275478019964,0.05568236124017112,0.6373626373626373,0.7506096088375753,0
2024-06,occ22_05,"Life, Physical, and Social Science Occupations",0.9523809523809524,0.07277971489751772,0.06931401418811212,0.7378335949764521,0.6380444849942631,0
2024-06,occ22_06,Community and Social Service Occupations,0.6190476190476191,0.06144303014580082,0.03803616151882908,0.4631083202511774,0.7328886536635482,0
2024-06,occ22_07,Legal Occupations,0.7142857142857143,0.0874801205783245,0.062485800413088925,0.6828885400313972,0.7400208887946538,0
2024-06,occ22_08,Educational Instruction and Library Occupations,0.4761904761904761,0.08656342515241054,0.04122067864400501,0.49293563579277866,0.9590229433518596,0
2024-06,occ22_09,"Arts, Design, Entertainment, Sports, and Media Occupations",0.3809523809523809,0.09880588564486824,0.037640337388521225,0.4599686028257457,0.7108046809483876,0
2024-06,occ22_10,Healthcare Practitioners and Technical Occupations,0.8095238095238095,0.05333567821328802,0.04317650141075697,0.5133437990580848,0.9366029655822332,0
2024-06,occ22_11,Healthcare Support Occupations,0.5238095238095238,0.052339681678418605,0.027416023736314507,0.36577708006279436,0.9687580558539204,0
2024-06,occ22_12,Protective Service Occupations,0.6666666666666666,0.08177023142063834,0.05451348761375889,0.6263736263736264,0.3690887899051142,1
2024-06,occ22_13,Food Preparation and Serving Related Occupations,0.0,0.05582357494116726,0.0,0.02197802197802198,0.1285775149667609,1
2024-06,occ22_14,Building and Grounds Cleaning and Maintenance Occupations,0.0476190476190476,0.07955788734169533,0.0037884708257950143,0.059654631083202514,0.722387548485819,0
2024-06,occ22_15,Personal Care and Service Occupations,0.0952380952380952,0.06844633504171112,0.0065186985754010565,0.10204081632653061,0.3321128382997038,1
2024-06,occ22_16,Sales and Related Occupations,0.238095238095238,0.046122075848678626,0.010981446630637763,0.20094191522762953,0.8138577421401217,0
2024-06,occ22_17,Office and Administrative Support Occupations,0.5714285714285714,0.06677161636918512,0.038155209353820066,0.4662480376766091,0.6655390310494093,0
2024-06,occ22_18,"Farming, Fishing, and Forestry Occupations",0.1904761904761904,0.045877174876619145,0.008738509500308406,0.16012558869701726,0.1632273572497619,1
2024-06,occ22_19,Construction and Extraction Occupations,0.2857142857142857,0.06645251035499819,0.018986431529999483,0.29356357927786497,0.1118327876222348,1
2024-06,occ22_20,"Installation, Maintenance, and Repair Occupations",0.4285714285714285,0.05825725962125323,0.024967396980537092,0.3453689167974882,0.4678636830586449,1
2024-06,occ22_21,Production Occupations,0.3333333333333333,0.032745339528252634,0.01091511317608421,0.19937205651491366,0.8395652507082461,0
2024-06,occ22_22,Transportation and Material Moving Occupations,0.1428571428571428,0.04762715314378208,0.006803879020540295,0.11930926216640503,0.4341219397622235,1
2024-07,occ22_01,Management Occupations,0.7619047619047619,0.0746311696469085,0.05686184354050171,0.6436420722135008,0.6810080944083203,0
2024-07,occ22_02,Business and Financial Operations Occupations,0.9047619047619048,0.07935752481986377,0.07179966531321008,0.7566718995290423,0.7097463828669083,0
2024-07,occ22_03,Computer and Mathematical Occupations,1.0,0.09624538021752296,0.09624538021752296,0.8681318681318682,0.8641926333607427,0
2024-07,occ22_04,Architecture and Engineering Occupations,0.8571428571428571,0.06828496316384196,0.05852996842615025,0.6514913657770801,0.7506096088375753,0
2024-07,occ22_05,"Life, Physical, and Social Science Occupations",0.9523809523809524,0.07688191976295447,0.07322087596471855,0.7692307692307693,0.6380444849942631,0
2024-07,occ22_06,Community and Social Service Occupations,0.6190476190476191,0.0643278815323445,0.03982202190097517,0.48194662480376765,0.7328886536635482,0
2024-07,occ22_07,Legal Occupations,0.7142857142857143,0.09264717864238418,0.06617655617313156,0.7080062794348508,0.7400208887946538,0
2024-07,occ22_08,Educational Instruction and Library Occupations,0.4761904761904761,0.09193351967993216,0.0437778665142534,0.5164835164835165,0.9590229433518596,0
2024-07,occ22_09,"Arts, Design, Entertainment, Sports, and Media Occupations",0.3809523809523809,0.10226550588228778,0.03895828795515724,0.4725274725274725,0.7108046809483876,0
2024-07,occ22_10,Healthcare Practitioners and Technical Occupations,0.8095238095238095,0.055433199463609445,0.044874494803874315,0.5290423861852434,0.9366029655822332,0
2024-07,occ22_11,Healthcare Support Occupations,0.5238095238095238,0.05433954723436074,0.028463572360855626,0.37205651491365777,0.9687580558539204,0
2024-07,occ22_12,Protective Service Occupations,0.6666666666666666,0.08661772650132007,0.05774515100088005,0.6499215070643642,0.3690887899051142,1
2024-07,occ22_13,Food Preparation and Serving Related Occupations,0.0,0.058087134776403954,0.0,0.02197802197802198,0.1285775149667609,1
2024-07,occ22_14,Building and Grounds Cleaning and Maintenance Occupations,0.0476190476190476,0.08418730804310436,0.004008919430624015,0.061224489795918366,0.722387548485819,0
2024-07,occ22_15,Personal Care and Service Occupations,0.0952380952380952,0.07124140235210123,0.006784895462104877,0.11773940345368916,0.3321128382997038,1
2024-07,occ22_16,Sales and Related Occupations,0.238095238095238,0.0471500335957479,0.011226198475178069,0.2087912087912088,0.8138577421401217,0
2024-07,occ22_17,Office and Administrative Support Occupations,0.5714285714285714,0.06962598901697573,0.03978627943827184,0.478806907378336,0.6655390310494093,0
2024-07,occ22_18,"Farming, Fishing, and Forestry Occupations",0.1904761904761904,0.04764664787837885,0.009075551976834063,0.16483516483516483,0.1632273572497619,1
2024-07,occ22_19,Construction and Extraction Occupations,0.2857142857142857,0.06988465940896463,0.019967045545418463,0.3076923076923077,0.1118327876222348,1
2024-07,occ22_20,"Installation, Maintenance, and Repair Occupations",0.4285714285714285,0.059975828072494144,0.0257039263167832,0.3516483516483517,0.4678636830586449,1
2024-07,occ22_21,Production Occupations,0.3333333333333333,0.03345026297464239,0.011150087658214129,0.20251177394034536,0.8395652507082461,0
2024-07,occ22_22,Transportation and Material Moving Occupations,0.1428571428571428,0.049361502604952645,0.007051643229278946,0.12087912087912088,0.4341219397622235,1
2024-08,occ22_01,Management Occupations,0.7619047619047619,0.07804299636675091,0.05946133056514355,0.6609105180533752,0.6810080944083203,0
2024-08,occ22_02,Business and Financial Operations Occupations,0.9047619047619048,0.0833079941438129,0.07537389946344977,0.7786499215070644,0.7097463828669083,0
2024-08,occ22_03,Computer and Mathematical Occupations,1.0,0.10120611538599208,0.10120611538599208,0.8791208791208791,0.8641926333607427,0
2024-08,occ22_04,Architecture and Engineering Occupations,0.8571428571428571,0.07034547717318006,0.06029612329129719,0.6640502354788069,0.7506096088375753,0
2024-08,occ22_05,"Life, Physical, and Social Science Occupations",0.9523809523809524,0.07948479431074351,0.07569980410547002,0.7802197802197802,0.6380444849942631,0
2024-08,occ22_06,Community and Social Service Occupations,0.6190476190476191,0.06736570222119057,0.04170257756549892,0.4976452119309262,0.7328886536635482,0
2024-08,occ22_07,Legal Occupations,0.7142857142857143,0.09606749916832368,0.06861964226308834,0.7299843014128728,0.7400208887946538,0
2024-08,occ22_08,Educational Instruction and Library Occupations,0.4761904761904761,0.09499264660116676,0.045234593619603206,0.5353218210361067,0.9590229433518596,0
2024-08,occ22_09,"Arts, Design, Entertainment, Sports, and Media Occupations",0.3809523809523809,0.10778319264702843,0.04106026386553463,0.4913657770800628,0.7108046809483876,0
2024-08,occ22_10,Healthcare Practitioners and Technical Occupations,0.8095238095238095,0.058197944544819316,0.04711262177437754,0.5478806907378336,0.9366029655822332,0
2024-08,occ22_11,Healthcare Support Occupations,0.5238095238095238,0.05732197788067624,0.03002579793749708,0.38618524332810045,0.9687580558539204,0
2024-08,occ22_12,Protective Service Occupations,0.6666666666666666,0.08947879363479104,0.05965252908986069,0.6624803767660911,0.3690887899051142,1
2024-08,occ22_13,Food Preparation and Serving Related Occupations,0.0,0.05975656436474879,0.0,0.02197802197802198,0.1285775149667609,1
2024-08,occ22_14,Building and Grounds Cleaning and Maintenance Occupations,0.0476190476190476,0.08714080383102292,0.004149562087191566,0.06279434850863422,0.722387548485819,0
2024-08,occ22_15,Personal Care and Service Occupations,0.0952380952380952,0.07473407765367646,0.007117531205112041,0.12244897959183673,0.3321128382997038,1
2024-08,occ22_16,Sales and Related Occupations,0.238095238095238,0.047882666190638,0.011400634807294759,0.2150706436420722,0.8138577421401217,0
2024-08,occ22_17,Office and Administrative Support Occupations,0.5714285714285714,0.07286266946842085,0.04163581112481191,0.49607535321821034,0.6655390310494093,0
2024-08,occ22_18,"Farming, Fishing, and Forestry Occupations",0.1904761904761904,0.04820417047063334,0.00918174675631111,0.16797488226059654,0.1632273572497619,1
2024-08,occ22_19,Construction and Extraction Occupations,0.2857142857142857,0.07209453896413201,0.020598439704037717,0.31711145996860285,0.1118327876222348,1
2024-08,occ22_20,"Installation, Maintenance, and Repair Occupations",0.4285714285714285,0.062477491140267016,0.026776067631543003,0.36106750392464676,0.4678636830586449,1
2024-08,occ22_21,Production Occupations,0.3333333333333333,0.03377528444015085,0.011258428146716948,0.2119309262166405,0.8395652507082461,0
2024-08,occ22_22,Transportation and Material Moving Occupations,0.1428571428571428,0.049859727737658774,0.007122818248236964,0.12401883830455258,0.4341219397622235,1
2024-09,occ22_01,Management Occupations,0.7619047619047619,0.08286649956165096,0.06313638061840073,0.6844583987441131,0.6810080944083203,0
2024-09,occ22_02,Business and Financial Operations Occupations,0.9047619047619048,0.08837906242349769,0.07996200885935505,0.792778649921507,0.7097463828669083,0
2024-09,occ22_03,Computer and Mathematical Occupations,1.0,0.10767964063162973,0.10767964063162973,0.8916797488226059,0.8641926333607427,0
2024-09,occ22_04,Architecture and Engineering Occupations,0.8571428571428571,0.07453625295243625,0.06388821681637392,0.6907378335949764,0.7506096088375753,0
2024-09,occ22_05,"Life, Physical, and Social Science Occupations",0.9523809523809524,0.08499295512942528,0.0809456715518336,0.7990580847723705,0.6380444849942631,0
2024-09,occ22_06,Community and Social Service Occupations,0.6190476190476191,0.07217210972732353,0.04467797268834314,0.5259026687598116,0.7328886536635482,0
2024-09,occ22_07,Legal Occupations,0.7142857142857143,0.10301777566384611,0.0735841254741758,0.7723704866562009,0.7400208887946538,0
2024-09,occ22_08,Educational Instruction and Library Occupations,0.4761904761904761,0.1021360108929335,0.048636195663301664,0.5635792778649922,0.9590229433518596,0
2024-09,occ22_09,"Arts, Design, Entertainment, Sports, and Media Occupations",0.3809523809523809,0.11461174775866986,0.043661618193778985,0.5149136577708007,0.7108046809483876,0
2024-09,occ22_10,Healthcare Practitioners and Technical Occupations,0.8095238095238095,0.062238399550827744,0.05038346630305103,0.576138147566719,0.9366029655822332,0
2024-09,occ22_11,Healthcare Support Occupations,0.5238095238095238,0.06130750868639042,0.032113456930966414,0.4050235478806907,0.9687580558539204,0
2024-09,occ22_12,Protective Service Occupations,0.6666666666666666,0.09606021607347151,0.06404014404898101,0.6923076923076923,0.3690887899051142,1
2024-09,occ22_13,Food Preparation and Serving Related Occupations,0.0,0.0637297635121134,0.0,0.02197802197802198,0.1285775149667609,1
2024-09,occ22_14,Building and Grounds Cleaning and Maintenance Occupations,0.0476190476190476,0.09346907896219032,0.004450908522009062,0.06436420722135008,0.722387548485819,0
2024-09,occ22_15,Personal Care and Service Occupations,0.0952380952380952,0.07982649352230603,0.007602523192600572,0.12872841444270017,0.3321128382997038,1
2024-09,occ22_16,Sales and Related Occupations,0.238095238095238,0.05058153077516002,0.012043221613133334,0.23233908948194662,0.8138577421401217,0
2024-09,occ22_17,Office and Administrative Support Occupations,0.5714285714285714,0.07737042293337207,0.04421167024764118,0.5227629513343799,0.6655390310494093,0
2024-09,occ22_18,"Farming, Fishing, and Forestry Occupations",0.1904761904761904,0.05065980629539947,0.00964948691340942,0.17425431711145997,0.1632273572497619,1
2024-09,occ22_19,Construction and Extraction Occupations,0.2857142857142857,0.07658098604794364,0.021880281727983897,0.32339089481946626,0.1118327876222348,1
2024-09,occ22_20,"Installation, Maintenance, and Repair Occupations",0.4285714285714285,0.06568491622645106,0.028150678382764735,0.36891679748822603,0.4678636830586449,1
2024-09,occ22_21,Production Occupations,0.3333333333333333,0.03411777647691641,0.011372592158972137,0.21350078492935637,0.8395652507082461,0
2024-09,occ22_22,Transportation and Material Moving Occupations,0.1428571428571428,0.05280541813420081,0.007543631162028684,0.1271585557299843,0.4341219397622235,1
2024-10,occ22_01,Management Occupations,0.7619047619047619,0.08586351884263108,0.06541982388009987,0.7032967032967034,0.6810080944083203,0
2024-10,occ22_02,Business and Financial Operations Occupations,0.9047619047619048,0.09175871397220287,0.08301978883199307,0.8021978021978022,0.7097463828669083,0
2024-10,occ22_03,Computer and Mathematical Occupations,1.0,0.11201441138220487,0.11201441138220487,0.9058084772370487,0.8641926333607427,0
2024-10,occ22_04,Architecture and Engineering Occupations,0.8571428571428571,0.07713764494059044,0.06611798137764895,0.706436420722135,0.7506096088375753,0
2024-10,occ22_05,"Life, Physical, and Social Science Occupations",0.9523809523809524,0.08682724392852106,0.08269261326525816,0.8006279434850864,0.6380444849942631,0
2024-10,occ22_06,Community and Social Service Occupations,0.6190476190476191,0.07306295934152678,0.045229451020945145,0.533751962323391,0.7328886536635482,0
2024-10,occ22_07,Legal Occupations,0.7142857142857143,0.10525283523713505,0.0751805965979536,0.7770800627943485,0.7400208887946538,0
2024-10,occ22_08,Educational Instruction and Library Occupations,0.4761904761904761,0.10381721537915477,0.04943676922816893,0.5714285714285714,0.9590229433518596,0
2024-10,occ22_09,"Arts, Design, Entertainment, Sports, and Media Occupations",0.3809523809523809,0.11988355537552131,0.04566992585734144,0.5384615384615384,0.7108046809483876,0
2024-10,occ22_10,Healthcare Practitioners and Technical Occupations,0.8095238095238095,0.06294930263244433,0.050958959273883504,0.5808477237048666,0.9366029655822332,0
2024-10,occ22_11,Healthcare Support Occupations,0.5238095238095238,0.061870155036073717,0.032408176447467185,0.4097331240188383,0.9687580558539204,0
2024-10,occ22_12,Protective Service Occupations,0.6666666666666666,0.09785532686005996,0.0652368845733733,0.7001569858712716,0.3690887899051142,1
2024-10,occ22_13,Food Preparation and Serving Related Occupations,0.0,0.06528159465958465,0.0,0.02197802197802198,0.1285775149667609,1
2024-10,occ22_14,Building and Grounds Cleaning and Maintenance Occupations,0.0476190476190476,0.09524715672221339,0.004535578891533969,0.06593406593406594,0.722387548485819,0
2024-10,occ22_15,Personal Care and Service Occupations,0.0952380952380952,0.08178893411287994,0.007789422296464753,0.130298273155416,0.3321128382997038,1
2024-10,occ22_16,Sales and Related Occupations,0.238095238095238,0.05283799485839999,0.012580474966285707,0.24332810047095763,0.8138577421401217,0
2024-10,occ22_17,Office and Administrative Support Occupations,0.5714285714285714,0.07996614163623221,0.045694938077846976,0.5400313971742543,0.6655390310494093,0
2024-10,occ22_18,"Farming, Fishing, and Forestry Occupations",0.1904761904761904,0.05279331560354064,0.010055869638769643,0.17582417582417584,0.1632273572497619,1
2024-10,occ22_19,Construction and Extraction Occupations,0.2857142857142857,0.07900418093163186,0.022572623123323386,0.3281004709576138,0.1118327876222348,1
2024-10,occ22_20,"Installation, Maintenance, and Repair Occupations",0.4285714285714285,0.06908861065861857,0.02960940456797938,0.37990580847723704,0.4678636830586449,1
2024-10,occ22_21,Production Occupations,0.3333333333333333,0.037093660000877,0.012364553333625666,0.23861852433281006,0.8395652507082461,0
2024-10,occ22_22,Transportation and Material Moving Occupations,0.1428571428571428,0.0546496913405334,0.007807098762933339,0.13186813186813187,0.4341219397622235,1
2024-11,occ22_01,Management Occupations,0.7619047619047619,0.08847528884808252,0.06740974388425335,0.7189952904238619,0.6810080944083203,0
2024-11,occ22_02,Business and Financial Operations Occupations,0.9047619047619048,0.09459668298908974,0.0855874750853669,0.8116169544740973,0.7097463828669083,0
2024-11,occ22_03,Computer and Mathematical Occupations,1.0,0.11500290077168562,0.11500290077168562,0.9105180533751962,0.8641926333607427,0
2024-11,occ22_04,Architecture and Engineering Occupations,0.8571428571428571,0.07959621729832364,0.06822532911284883,0.7252747252747253,0.7506096088375753,0
2024-11,occ22_05,"Life, Physical, and Social Science Occupations",0.9523809523809524,0.09002836219797355,0.08574129733140338,0.814756671899529,0.6380444849942631,0
2024-11,occ22_06,Community and Social Service Occupations,0.6190476190476191,0.07580072043260341,0.04692425550589735,0.5463108320251178,0.7328886536635482,0
2024-11,occ22_07,Legal Occupations,0.7142857142857143,0.10920332097820283,0.07800237212728774,0.7864992150706437,0.7400208887946538,0
2024-11,occ22_08,Educational Instruction and Library Occupations,0.4761904761904761,0.1079035134713385,0.05138262546254214,0.5839874411302983,0.9590229433518596,0
2024-11,occ22_09,"Arts, Design, Entertainment, Sports, and Media Occupations",0.3809523809523809,0.12248615125171648,0.04666139095303484,0.5447409733124019,0.7108046809483876,0
2024-11,occ22_10,Healthcare Practitioners and Technical Occupations,0.8095238095238095,0.06523313315945847,0.052807774462418765,0.6012558869701727,0.9366029655822332,0
2024-11,occ22_11,Healthcare Support Occupations,0.5238095238095238,0.06412527482071685,0.033589429667994546,0.423861852433281,0.9687580558539204,0
2024-11,occ22_12,Protective Service Occupations,0.6666666666666666,0.10161958117519306,0.0677463874501287,0.7205651491365777,0.3690887899051142,1
2024-11,occ22_13,Food Preparation and Serving Related Occupations,0.0,0.06743986183759315,0.0,0.02197802197802198,0.1285775149667609,1
2024-11,occ22_14,Building and Grounds Cleaning and Maintenance Occupations,0.0476190476190476,0.0988876727690863,0.004708936798527918,0.06750392464678179,0.722387548485819,0
2024-11,occ22_15,Personal Care and Service Occupations,0.0952380952380952,0.0843613169256458,0.008034411135775788,0.13814756671899528,0.3321128382997038,1
2024-11,occ22_16,Sales and Related Occupations,0.238095238095238,0.05421641360080445,0.012908669904953436,0.24803767660910517,0.8138577421401217,0
2024-11,occ22_17,Office and Administrative Support Occupations,0.5714285714285714,0.08251489939397474,0.04715137108227128,0.5494505494505495,0.6655390310494093,0
2024-11,occ22_18,"Farming, Fishing, and Forestry Occupations",0.1904761904761904,0.054312613292051996,0.010345259674676567,0.1836734693877551,0.1632273572497619,1
2024-11,occ22_19,Construction and Extraction Occupations,0.2857142857142857,0.0816492893453677,0.02332836838439077,0.33124018838304553,0.1118327876222348,1
2024-11,occ22_20,"Installation, Maintenance, and Repair Occupations",0.4285714285714285,0.07070670059308082,0.030302871682748915,0.3877551020408163,0.4678636830586449,1
2024-11,occ22_21,Production Occupations,0.3333333333333333,0.03759415353242216,0.012531384510807386,0.24175824175824176,0.8395652507082461,0
2024-11,occ22_22,Transportation and Material Moving Occupations,0.1428571428571428,0.056330349430892095,0.008047192775841724,0.13971742543171115,0.4341219397622235,1
2024-12,occ22_01,Management Occupations,0.7619047619047619,0.08986324314501852,0.06846723287239506,0.728414442700157,0.6810080944083203,0
2024-12,occ22_02,Business and Financial Operations Occupations,0.9047619047619048,0.09602851612604368,0.08688294316165857,0.8226059654631083,0.7097463828669083,0
2024-12,occ22_03,Computer and Mathematical Occupations,1.0,0.11760637349528495,0.11760637349528495,0.9152276295133438,0.8641926333607427,0
2024-12,occ22_04,Architecture and Engineering Occupations,0.8571428571428571,0.08125047047052973,0.06964326040331119,0.7409733124018838,0.7506096088375753,0
2024-12,occ22_05,"Life, Physical, and Social Science Occupations",0.9523809523809524,0.09172822642506093,0.08736021564291517,0.82574568288854,0.6380444849942631,0
2024-12,occ22_06,Community and Social Service Occupations,0.6190476190476191,0.07620271986148969,0.0471731122952079,0.5510204081632653,0.7328886536635482,0
2024-12,occ22_07,Legal Occupations,0.7142857142857143,0.11157666952173761,0.07969762108695544,0.7880690737833596,0.7400208887946538,0
2024-12,occ22_08,Educational Instruction and Library Occupations,0.4761904761904761,0.1103102225260296,0.05252867739334742,0.5918367346938775,0.9590229433518596,0
2024-12,occ22_09,"Arts, Design, Entertainment, Sports, and Media Occupations",0.3809523809523809,0.12569491900269553,0.04788377866769353,0.5557299843014128,0.7108046809483876,0
2024-12,occ22_10,Healthcare Practitioners and Technical Occupations,0.8095238095238095,0.06513890896298727,0.05273149773194208,0.5996860282574569,0.9366029655822332,0
2024-12,occ22_11,Healthcare Support Occupations,0.5238095238095238,0.06382491304369914,0.03343209730860431,0.4207221350078493,0.9687580558539204,0
2024-12,occ22_12,Protective Service Occupations,0.6666666666666666,0.1037780417024517,0.06918536113496779,0.7346938775510204,0.3690887899051142,1
2024-12,occ22_13,Food Preparation and Serving Related Occupations,0.0,0.06829499253545028,0.0,0.02197802197802198,0.1285775149667609,1
2024-12,occ22_14,Building and Grounds Cleaning and Maintenance Occupations,0.0476190476190476,0.10082865316949363,0.004801364436642553,0.06907378335949764,0.722387548485819,0
2024-12,occ22_15,Personal Care and Service Occupations,0.0952380952380952,0.08535975790795924,0.008129500753138973,0.141287284144427,0.3321128382997038,1
2024-12,occ22_16,Sales and Related Occupations,0.238095238095238,0.054873909405389505,0.013065216525092734,0.24960753532182103,0.8138577421401217,0
2024-12,occ22_17,Office and Administrative Support Occupations,0.5714285714285714,0.08349110465027754,0.04770920265730145,0.554160125588697,0.6655390310494093,0
2024-12,occ22_18,"Farming, Fishing, and Forestry Occupations",0.1904761904761904,0.05518852017976768,0.010512099081860507,0.18995290423861852,0.1632273572497619,1
2024-12,occ22_19,Construction and Extraction Occupations,0.2857142857142857,0.08322364609722814,0.023778184599208038,0.33437990580847726,0.1118327876222348,1
2024-12,occ22_20,"Installation, Maintenance, and Repair Occupations",0.4285714285714285,0.0717204570384681,0.03073733873077204,0.39089481946624804,0.4678636830586449,1
2024-12,occ22_21,Production Occupations,0.3333333333333333,0.0379333985191112,0.012644466173037066,0.24489795918367346,0.8395652507082461,0
2024-12,occ22_22,Transportation and Material Moving Occupations,0.1428571428571428,0.05722329414683786,0.008174756306691119,0.14285714285714285,0.4341219397622235,1
2025-01,occ22_01,Management Occupations,0.7619047619047619,0.093860621392919,0.07151285439460495,0.7551020408163265,0.6810080944083203,0
2025-01,occ22_02,Business and Financial Operations Occupations,0.9047619047619048,0.10078012825943167,0.09118202080615247,0.8383045525902669,0.7097463828669083,0
2025-01,occ22_03,Computer and Mathematical Occupations,1.0,0.12187407693554904,0.12187407693554904,0.9215070643642073,0.8641926333607427,0
2025-01,occ22_04,Architecture and Engineering Occupations,0.8571428571428571,0.08472338375683498,0.07262004322014427,0.7629513343799058,0.7506096088375753,0
2025-01,occ22_05,"Life, Physical, and Social Science Occupations",0.9523809523809524,0.09643657465369387,0.09184435681304179,0.8445839874411303,0.6380444849942631,0
2025-01,occ22_06,Community and Social Service Occupations,0.6190476190476191,0.07985107342569928,0.049431616882575746,0.5698587127158555,0.7328886536635482,0
2025-01,occ22_07,Legal Occupations,0.7142857142857143,0.1178150511091403,0.08415360793510021,0.8084772370486656,0.7400208887946538,0
2025-01,occ22_08,Educational Instruction and Library Occupations,0.4761904761904761,0.11656579242846052,0.055507520204028805,0.6357927786499215,0.9590229433518596,0
2025-01,occ22_09,"Arts, Design, Entertainment, Sports, and Media Occupations",0.3809523809523809,0.12870411904857662,0.04903014058993394,0.5682888540031397,0.7108046809483876,0
2025-01,occ22_10,Healthcare Practitioners and Technical Occupations,0.8095238095238095,0.06792735700965691,0.054988812817341304,0.6295133437990581,0.9366029655822332,0
2025-01,occ22_11,Healthcare Support Occupations,0.5238095238095238,0.0665020525028646,0.03483440845388146,0.4317111459968603,0.9687580558539204,0
2025-01,occ22_12,Protective Service Occupations,0.6666666666666666,0.1095455508924548,0.07303036726163653,0.7676609105180534,0.3690887899051142,1
2025-01,occ22_13,Food Preparation and Serving Related Occupations,0.0,0.0709912948198301,0.0,0.02197802197802198,0.1285775149667609,1
2025-01,occ22_14,Building and Grounds Cleaning and Maintenance Occupations,0.0476190476190476,0.10639916678603298,0.005066626989811093,0.07378335949764521,0.722387548485819,0
2025-01,occ22_15,Personal Care and Service Occupations,0.0952380952380952,0.08863043302349598,0.008440993621285328,0.14756671899529042,0.3321128382997038,1
2025-01,occ22_16,Sales and Related Occupations,0.238095238095238,0.05660004906945367,0.013476202159393725,0.25117739403453687,0.8138577421401217,0
2025-01,occ22_17,Office and Administrative Support Occupations,0.5714285714285714,0.08747365693715037,0.04998494682122878,0.5729984301412873,0.6655390310494093,0
2025-01,occ22_18,"Farming, Fishing, and Forestry Occupations",0.1904761904761904,0.05699133577669275,0.010855492528893854,0.1978021978021978,0.1632273572497619,1
2025-01,occ22_19,Construction and Extraction Occupations,0.2857142857142857,0.08713150016677314,0.02489471433336375,0.34379905808477235,0.1118327876222348,1
2025-01,occ22_20,"Installation, Maintenance, and Repair Occupations",0.4285714285714285,0.073945676991914,0.031691004425105994,0.4003139717425432,0.4678636830586449,1
2025-01,occ22_21,Production Occupations,0.3333333333333333,0.03809552988084394,0.012698509960281313,0.24646781789638933,0.8395652507082461,0
2025-01,occ22_22,Transportation and Material Moving Occupations,0.1428571428571428,0.059288450346869206,0.008469778620981312,0.14913657770800628,0.4341219397622235,1
2025-02,occ22_01,Management Occupations,0.7619047619047619,0.09793822612645059,0.07461960085824806,0.7739403453689168,0.6810080944083203,0
2025-02,occ22_02,Business and Financial Operations Occupations,0.9047619047619048,0.1050400787768809,0.09503626175051129,0.858712715855573,0.7097463828669083,0
2025-02,occ22_03,Computer and Mathematical Occupations,1.0,0.12577388756886101,0.12577388756886101,0.9309262166405023,0.8641926333607427,0
2025-02,occ22_04,Architecture and Engineering Occupations,0.8571428571428571,0.08835956477336762,0.07573676980574368,0.7817896389324961,0.7506096088375753,0
2025-02,occ22_05,"Life, Physical, and Social Science Occupations",0.9523809523809524,0.1005460046808639,0.09575809969606086,0.8618524332810047,0.6380444849942631,0
2025-02,occ22_06,Community and Social Service Occupations,0.6190476190476191,0.08452084514373834,0.05232242794612373,0.5886970172684458,0.7328886536635482,0
2025-02,occ22_07,Legal Occupations,0.7142857142857143,0.12208560724160544,0.08720400517257532,0.8241758241758241,0.7400208887946538,0
2025-02,occ22_08,Educational Instruction and Library Occupations,0.4761904761904761,0.12083917740055622,0.05754246542883629,0.6483516483516484,0.9590229433518596,0
2025-02,occ22_09,"Arts, Design, Entertainment, Sports, and Media Occupations",0.3809523809523809,0.13216679036038118,0.05034925347062139,0.5745682888540031,0.7108046809483876,0
2025-02,occ22_10,Healthcare Practitioners and Technical Occupations,0.8095238095238095,0.07257502038194535,0.058751206975860525,0.6546310832025117,0.9366029655822332,0
2025-02,occ22_11,Healthcare Support Occupations,0.5238095238095238,0.0712980924512521,0.03734661985541777,0.45682888540031397,0.9687580558539204,0
2025-02,occ22_12,Protective Service Occupations,0.6666666666666666,0.11373581281327805,0.07582387520885203,0.783359497645212,0.3690887899051142,1
2025-02,occ22_13,Food Preparation and Serving Related Occupations,0.0,0.07480887696954963,0.0,0.02197802197802198,0.1285775149667609,1
2025-02,occ22_14,Building and Grounds Cleaning and Maintenance Occupations,0.0476190476190476,0.11066310453938716,0.00526967164473272,0.07849293563579278,0.722387548485819,0
2025-02,occ22_15,Personal Care and Service Occupations,0.0952380952380952,0.09294938785017387,0.008852322652397509,0.16169544740973313,0.3321128382997038,1
2025-02,occ22_16,Sales and Related Occupations,0.238095238095238,0.05987233184114974,0.014255317105035647,0.25588697017268447,0.8138577421401217,0
2025-02,occ22_17,Office and Administrative Support Occupations,0.5714285714285714,0.09170973663397713,0.05240556379084407,0.5902668759811617,0.6655390310494093,0
2025-02,occ22_18,"Farming, Fishing, and Forestry Occupations",0.1904761904761904,0.06025250620763257,0.011476667849072867,0.22135007849293564,0.1632273572497619,1
2025-02,occ22_19,Construction and Extraction Occupations,0.2857142857142857,0.0909272680318642,0.025979219437675484,0.3563579277864992,0.1118327876222348,1
2025-02,occ22_20,"Installation, Maintenance, and Repair Occupations",0.4285714285714285,0.07751341246690484,0.033220033914387784,0.4175824175824176,0.4678636830586449,1
2025-02,occ22_21,Production Occupations,0.3333333333333333,0.041093436685637204,0.013697812228545735,0.2543171114599686,0.8395652507082461,0
2025-02,occ22_22,Transportation and Material Moving Occupations,0.1428571428571428,0.0625898860283778,0.008941412289768252,0.16326530612244897,0.4341219397622235,1
2025-03,occ22_01,Management Occupations,0.7619047619047619,0.10510989074748864,0.08008372628380087,0.7943485086342229,0.6810080944083203,0
2025-03,occ22_02,Business and Financial Operations Occupations,0.9047619047619048,0.11276149529159367,0.10202230526382285,0.8822605965463108,0.7097463828669083,0
2025-03,occ22_03,Computer and Mathematical Occupations,1.0,0.1332339471250346,0.1332339471250346,0.9419152276295133,0.8641926333607427,0
2025-03,occ22_04,Architecture and Engineering Occupations,0.8571428571428571,0.09397433128769463,0.08054942681802396,0.7974882260596546,0.7506096088375753,0
2025-03,occ22_05,"Life, Physical, and Social Science Occupations",0.9523809523809524,0.10673866680491562,0.10165587314753868,0.880690737833595,0.6380444849942631,0
2025-03,occ22_06,Community and Social Service Occupations,0.6190476190476191,0.09238689774519664,0.057191889080359826,0.6467817896389325,0.7328886536635482,0
2025-03,occ22_07,Legal Occupations,0.7142857142857143,0.1284853502009919,0.09177525014356563,0.8414442700156985,0.7400208887946538,0
2025-03,occ22_08,Educational Instruction and Library Occupations,0.4761904761904761,0.12686939628363392,0.06041399823030186,0.6687598116169545,0.9590229433518596,0
2025-03,occ22_09,"Arts, Design, Entertainment, Sports, and Media Occupations",0.3809523809523809,0.13938911983702434,0.05310061708077117,0.6043956043956044,0.7108046809483876,0
2025-03,occ22_10,Healthcare Practitioners and Technical Occupations,0.8095238095238095,0.08058989928606165,0.06523944227919276,0.7017268445839875,0.9366029655822332,0
2025-03,occ22_11,Healthcare Support Occupations,0.5238095238095238,0.07975555427740917,0.04177671890721433,0.5023547880690737,0.9687580558539204,0
2025-03,occ22_12,Protective Service Occupations,0.6666666666666666,0.11975593609892968,0.07983729073261978,0.7896389324960753,0.3690887899051142,1
2025-03,occ22_13,Food Preparation and Serving Related Occupations,0.0,0.08065542196174508,0.0,0.02197802197802198,0.1285775149667609,1
2025-03,occ22_14,Building and Grounds Cleaning and Maintenance Occupations,0.0476190476190476,0.11699363338595223,0.005571125399331057,0.08163265306122448,0.722387548485819,0
2025-03,occ22_15,Personal Care and Service Occupations,0.0952380952380952,0.10056072341748168,0.009577211754045871,0.17111459968602827,0.3321128382997038,1
2025-03,occ22_16,Sales and Related Occupations,0.238095238095238,0.06474724216581744,0.015416010039480336,0.27001569858712715,0.8138577421401217,0
2025-03,occ22_17,Office and Administrative Support Occupations,0.5714285714285714,0.0991281036910365,0.056644630680592285,0.640502354788069,0.6655390310494093,0
2025-03,occ22_18,"Farming, Fishing, and Forestry Occupations",0.1904761904761904,0.06494879530028178,0.012371199104815572,0.2401883830455259,0.1632273572497619,1
2025-03,occ22_19,Construction and Extraction Occupations,0.2857142857142857,0.09677728950600546,0.02765065414457299,0.3673469387755102,0.1118327876222348,1
2025-03,occ22_20,"Installation, Maintenance, and Repair Occupations",0.4285714285714285,0.08396504038758609,0.03598501730896546,0.4379905808477237,0.4678636830586449,1
2025-03,occ22_21,Production Occupations,0.3333333333333333,0.04610389030392141,0.01536796343464047,0.2668759811616955,0.8395652507082461,0
2025-03,occ22_22,Transportation and Material Moving Occupations,0.1428571428571428,0.06713504144063319,0.009590720205804737,0.1726844583987441,0.4341219397622235,1
2025-04,occ22_01,Management Occupations,0.7619047619047619,0.11271618923818659,0.08587900132433264,0.8163265306122449,0.6810080944083203,0
2025-04,occ22_02,Business and Financial Operations Occupations,0.9047619047619048,0.12064044259673457,0.1091508766351408,0.9010989010989011,0.7097463828669083,0
2025-04,occ22_03,Computer and Mathematical Occupations,1.0,0.14222027531386736,0.14222027531386736,0.9513343799058085,0.8641926333607427,0
2025-04,occ22_04,Architecture and Engineering Occupations,0.8571428571428571,0.10119402710417662,0.08673773751786566,0.8210361067503925,0.7506096088375753,0
2025-04,occ22_05,"Life, Physical, and Social Science Occupations",0.9523809523809524,0.11426491322553001,0.10882372688145715,0.8995290423861853,0.6380444849942631,0
2025-04,occ22_06,Community and Social Service Occupations,0.6190476190476191,0.09918024899073181,0.06139729699426255,0.6766091051805337,0.7328886536635482,0
2025-04,occ22_07,Legal Occupations,0.7142857142857143,0.1368468627906761,0.09774775913619721,0.8759811616954474,0.7400208887946538,0
2025-04,occ22_08,Educational Instruction and Library Occupations,0.4761904761904761,0.13511372541571529,0.06433986924557869,0.6938775510204082,0.9590229433518596,0
2025-04,occ22_09,"Arts, Design, Entertainment, Sports, and Media Occupations",0.3809523809523809,0.14891557276201628,0.056729742004577616,0.6420722135007849,0.7108046809483876,0
2025-04,occ22_10,Healthcare Practitioners and Technical Occupations,0.8095238095238095,0.08691730977983037,0.07036163172652934,0.7472527472527473,0.9366029655822332,0
2025-04,occ22_11,Healthcare Support Occupations,0.5238095238095238,0.08601925700736035,0.04505770605147447,0.5321821036106751,0.9687580558539204,0
2025-04,occ22_12,Protective Service Occupations,0.6666666666666666,0.1277454070282093,0.08516360468547286,0.8100470957613815,0.3690887899051142,1
2025-04,occ22_13,Food Preparation and Serving Related Occupations,0.0,0.08720393956194969,0.0,0.02197802197802198,0.1285775149667609,1
2025-04,occ22_14,Building and Grounds Cleaning and Maintenance Occupations,0.0476190476190476,0.12486345241479521,0.0059458786864188175,0.08634222919937205,0.722387548485819,0
2025-04,occ22_15,Personal Care and Service Occupations,0.0952380952380952,0.10790041484314905,0.010276229985061811,0.17896389324960754,0.3321128382997038,1
2025-04,occ22_16,Sales and Related Occupations,0.238095238095238,0.07080330747502242,0.01685793035119581,0.2778649921507064,0.8138577421401217,0
2025-04,occ22_17,Office and Administrative Support Occupations,0.5714285714285714,0.10640370943377907,0.06080211967644518,0.6718995290423861,0.6655390310494093,0
2025-04,occ22_18,"Farming, Fishing, and Forestry Occupations",0.1904761904761904,0.07103303166223417,0.01353010126899698,0.25274725274725274,0.1632273572497619,1
2025-04,occ22_19,Construction and Extraction Occupations,0.2857142857142857,0.1040337883620194,0.02972393953200554,0.3814756671899529,0.1118327876222348,1
2025-04,occ22_20,"Installation, Maintenance, and Repair Occupations",0.4285714285714285,0.09090255475159209,0.038958237750682315,0.47095761381475665,0.4678636830586449,1
2025-04,occ22_21,Production Occupations,0.3333333333333333,0.05163014528907873,0.01721004842969291,0.2794348508634223,0.8395652507082461,0
2025-04,occ22_22,Transportation and Material Moving Occupations,0.1428571428571428,0.07324669597648775,0.010463813710926816,0.18681318681318682,0.4341219397622235,1
2025-05,occ22_01,Management Occupations,0.7619047619047619,0.11914165900485736,0.09077459733703418,0.8367346938775511,0.6810080944083203,0
2025-05,occ22_02,Business and Financial Operations Occupations,0.9047619047619048,0.12765699375291212,0.11549918482406335,0.9136577708006279,0.7097463828669083,0
2025-05,occ22_03,Computer and Mathematical Occupations,1.0,0.14879720391267265,0.14879720391267265,0.9544740973312402,0.8641926333607427,0
2025-05,occ22_04,Architecture and Engineering Occupations,0.8571428571428571,0.1064311441276562,0.09122669496656245,0.8398744113029827,0.7506096088375753,0
2025-05,occ22_05,"Life, Physical, and Social Science Occupations",0.9523809523809524,0.11982921320319345,0.11412306019351758,0.9089481946624803,0.6380444849942631,0
2025-05,occ22_06,Community and Social Service Occupations,0.6190476190476191,0.10502920910194723,0.06501808182501495,0.6985871271585558,0.7328886536635482,0
2025-05,occ22_07,Legal Occupations,0.7142857142857143,0.14299712214735022,0.10214080153382159,0.8838304552590267,0.7400208887946538,0
2025-05,occ22_08,Educational Instruction and Library Occupations,0.4761904761904761,0.14086097019967528,0.06707665247603584,0.7142857142857143,0.9590229433518596,0
2025-05,occ22_09,"Arts, Design, Entertainment, Sports, and Media Occupations",0.3809523809523809,0.15516939960613785,0.05911215223090965,0.6562009419152276,0.7108046809483876,0
2025-05,occ22_10,Healthcare Practitioners and Technical Occupations,0.8095238095238095,0.092697648950738,0.07504095391250219,0.7755102040816326,0.9366029655822332,0
2025-05,occ22_11,Healthcare Support Occupations,0.5238095238095238,0.09184366025545361,0.048108583943332846,0.5588697017268446,0.9687580558539204,0
2025-05,occ22_12,Protective Service Occupations,0.6666666666666666,0.13355544744998513,0.08903696496665675,0.8288854003139717,0.3690887899051142,1
2025-05,occ22_13,Food Preparation and Serving Related Occupations,0.0,0.09253784283629482,0.0,0.02197802197802198,0.1285775149667609,1
2025-05,occ22_14,Building and Grounds Cleaning and Maintenance Occupations,0.0476190476190476,0.13074880241436265,0.0062261334483029816,0.09262166405023547,0.722387548485819,0
2025-05,occ22_15,Personal Care and Service Occupations,0.0952380952380952,0.11384188463798486,0.01084208425123665,0.19623233908948196,0.3321128382997038,1
2025-05,occ22_16,Sales and Related Occupations,0.238095238095238,0.07637799433296885,0.018185236745944956,0.28414442700156983,0.8138577421401217,0
2025-05,occ22_17,Office and Administrative Support Occupations,0.5714285714285714,0.11293891566131456,0.06453652323503689,0.695447409733124,0.6655390310494093,0
2025-05,occ22_18,"Farming, Fishing, and Forestry Occupations",0.1904761904761904,0.0758348615356117,0.014444735530592698,0.25902668759811615,0.1632273572497619,1
2025-05,occ22_19,Construction and Extraction Occupations,0.2857142857142857,0.10955764440383872,0.03130218411538249,0.3940345368916798,0.1118327876222348,1
2025-05,occ22_20,"Installation, Maintenance, and Repair Occupations",0.4285714285714285,0.09696422699549184,0.04155609728378221,0.4945054945054945,0.4678636830586449,1
2025-05,occ22_21,Production Occupations,0.3333333333333333,0.0561462697521815,0.018715423250727167,0.2904238618524333,0.8395652507082461,0
2025-05,occ22_22,Transportation and Material Moving Occupations,0.1428571428571428,0.07824887554358881,0.011178410791941254,0.20565149136577707,0.4341219397622235,1
2025-06,occ22_01,Management Occupations,0.7619047619047619,0.12599522870872476,0.09599636473045696,0.8649921507064364,0.6810080944083203,0
2025-06,occ22_02,Business and Financial Operations Occupations,0.9047619047619048,0.13505430437610705,0.12219198967362066,0.9230769230769231,0.7097463828669083,0
2025-06,occ22_03,Computer and Mathematical Occupations,1.0,0.15607534431609185,0.15607534431609185,0.9607535321821036,0.8641926333607427,0
2025-06,occ22_04,Architecture and Engineering Occupations,0.8571428571428571,0.1130198477525569,0.09687415521647734,0.8712715855572999,0.7506096088375753,0
2025-06,occ22_05,"Life, Physical, and Social Science Occupations",0.9523809523809524,0.127270844813246,0.12121032839356762,0.9199372056514914,0.6380444849942631,0
2025-06,occ22_06,Community and Social Service Occupations,0.6190476190476191,0.11168933899491068,0.06914101937780186,0.7331240188383046,0.7328886536635482,0
2025-06,occ22_07,Legal Occupations,0.7142857142857143,0.15152257105463288,0.10823040789616634,0.8948194662480377,0.7400208887946538,0
2025-06,occ22_08,Educational Instruction and Library Occupations,0.4761904761904761,0.1494119355061339,0.07114854071720661,0.7519623233908949,0.9590229433518596,0
2025-06,occ22_09,"Arts, Design, Entertainment, Sports, and Media Occupations",0.3809523809523809,0.16162672493412042,0.06157208568918872,0.6797488226059655,0.7108046809483876,0
2025-06,occ22_10,Healthcare Practitioners and Technical Occupations,0.8095238095238095,0.09867932553626191,0.07988326352935488,0.7912087912087912,0.9366029655822332,0
2025-06,occ22_11,Healthcare Support Occupations,0.5238095238095238,0.09780047216728496,0.051228818754292124,0.5824175824175825,0.9687580558539204,0
2025-06,occ22_12,Protective Service Occupations,0.6666666666666666,0.1416839116260642,0.09445594108404279,0.8571428571428571,0.3690887899051142,1
2025-06,occ22_13,Food Preparation and Serving Related Occupations,0.0,0.09825058494900496,0.0,0.02197802197802198,0.1285775149667609,1
2025-06,occ22_14,Building and Grounds Cleaning and Maintenance Occupations,0.0476190476190476,0.13875594390068594,0.006607425900032661,0.10989010989010989,0.722387548485819,0
2025-06,occ22_15,Personal Care and Service Occupations,0.0952380952380952,0.12024236361903848,0.011451653678003661,0.21978021978021978,0.3321128382997038,1
2025-06,occ22_16,Sales and Related Occupations,0.238095238095238,0.08101436049217746,0.019289133450518435,0.29513343799058084,0.8138577421401217,0
2025-06,occ22_17,Office and Administrative Support Occupations,0.5714285714285714,0.11972011551685438,0.06841149458105965,0.7268445839874411,0.6655390310494093,0
2025-06,occ22_18,"Farming, Fishing, and Forestry Occupations",0.1904761904761904,0.08092514896113114,0.015414314087834497,0.2684458398744113,0.1632273572497619,1
2025-06,occ22_19,Construction and Extraction Occupations,0.2857142857142857,0.11638164484113034,0.03325189852603724,0.41915227629513346,0.1118327876222348,1
2025-06,occ22_20,"Installation, Maintenance, and Repair Occupations",0.4285714285714285,0.10241310126992542,0.04389132911568232,0.5180533751962323,0.4678636830586449,1
2025-06,occ22_21,Production Occupations,0.3333333333333333,0.06030700472496331,0.020102334908321102,0.3108320251177394,0.8395652507082461,0
2025-06,occ22_22,Transportation and Material Moving Occupations,0.1428571428571428,0.0833311068064781,0.011904443829496866,0.2260596546310832,0.4341219397622235,1
2025-07,occ22_01,Management Occupations,0.7619047619047619,0.12634884764901474,0.0962657886849636,0.869701726844584,0.6810080944083203,0
2025-07,occ22_02,Business and Financial Operations Occupations,0.9047619047619048,0.1356882722863385,0.1227655796876396,0.9246467817896389,0.7097463828669083,0
2025-07,occ22_03,Computer and Mathematical Occupations,1.0,0.1541562478273658,0.1541562478273658,0.9560439560439561,0.8641926333607427,0
2025-07,occ22_04,Architecture and Engineering Occupations,0.8571428571428571,0.11115396723254924,0.09527482905647076,0.8602825745682888,0.7506096088375753,0
2025-07,occ22_05,"Life, Physical, and Social Science Occupations",0.9523809523809524,0.12626458878742028,0.12025198932135266,0.9167974882260597,0.6380444849942631,0
2025-07,occ22_06,Community and Social Service Occupations,0.6190476190476191,0.11449368270386924,0.07087704167382382,0.750392464678179,0.7328886536635482,0
2025-07,occ22_07,Legal Occupations,0.7142857142857143,0.1497426700388509,0.10695905002775064,0.8885400313971743,0.7400208887946538,0
2025-07,occ22_08,Educational Instruction and Library Occupations,0.4761904761904761,0.14735622026389963,0.07016962869709505,0.7441130298273155,0.9590229433518596,0
2025-07,occ22_09,"Arts, Design, Entertainment, Sports, and Media Occupations",0.3809523809523809,0.1584120941276715,0.060347464429589125,0.6671899529042387,0.7108046809483876,0
2025-07,occ22_10,Healthcare Practitioners and Technical Occupations,0.8095238095238095,0.10258412593294197,0.0830442924219054,0.8037676609105181,0.9366029655822332,0
2025-07,occ22_11,Healthcare Support Occupations,0.5238095238095238,0.1022782963664146,0.05357434571574098,0.6169544740973313,0.9687580558539204,0
2025-07,occ22_12,Protective Service Occupations,0.6666666666666666,0.14016416619512045,0.09344277746341363,0.8524332810047096,0.3690887899051142,1
2025-07,occ22_13,Food Preparation and Serving Related Occupations,0.0,0.09921690689884344,0.0,0.02197802197802198,0.1285775149667609,1
2025-07,occ22_14,Building and Grounds Cleaning and Maintenance Occupations,0.0476190476190476,0.1377603452823353,0.006560016442015965,0.10518053375196232,0.722387548485819,0
2025-07,occ22_15,Personal Care and Service Occupations,0.0952380952380952,0.12178346848349128,0.011598425569856309,0.22291993720565148,0.3321128382997038,1
2025-07,occ22_16,Sales and Related Occupations,0.238095238095238,0.08238325027372953,0.019615059588983214,0.29827315541601257,0.8138577421401217,0
2025-07,occ22_17,Office and Administrative Support Occupations,0.5714285714285714,0.12114569197625402,0.06922610970071658,0.7362637362637363,0.6655390310494093,0
2025-07,occ22_18,"Farming, Fishing, and Forestry Occupations",0.1904761904761904,0.08037388472106446,0.015309311375440846,0.26373626373626374,0.1632273572497619,1
2025-07,occ22_19,Construction and Extraction Occupations,0.2857142857142857,0.11515391118295186,0.032901117480843386,0.41287284144427,0.1118327876222348,1
2025-07,occ22_20,"Installation, Maintenance, and Repair Occupations",0.4285714285714285,0.1029439212705147,0.04411882340164915,0.521193092621664,0.4678636830586449,1
2025-07,occ22_21,Production Occupations,0.3333333333333333,0.05958723406187614,0.019862411353958713,0.304552590266876,0.8395652507082461,0
2025-07,occ22_22,Transportation and Material Moving Occupations,0.1428571428571428,0.08342802636798698,0.011918289481140992,0.22762951334379905,0.4341219397622235,1
2025-08,occ22_01,Management Occupations,0.7619047619047619,0.12821063418952186,0.09768429271582617,0.8744113029827315,0.6810080944083203,0
2025-08,occ22_02,Business and Financial Operations Occupations,0.9047619047619048,0.13811759839121637,0.12496354140157671,0.9293563579277865,0.7097463828669083,0
2025-08,occ22_03,Computer and Mathematical Occupations,1.0,0.15685507727892606,0.15685507727892606,0.9623233908948194,0.8641926333607427,0
2025-08,occ22_04,Architecture and Engineering Occupations,0.8571428571428571,0.11203609597516428,0.09603093940728366,0.8665620094191523,0.7506096088375753,0
2025-08,occ22_05,"Life, Physical, and Social Science Occupations",0.9523809523809524,0.12724349343222602,0.12118427945926288,0.9183673469387755,0.6380444849942631,0
2025-08,occ22_06,Community and Social Service Occupations,0.6190476190476191,0.11535497641796076,0.07141022349683286,0.7535321821036107,0.7328886536635482,0
2025-08,occ22_07,Legal Occupations,0.7142857142857143,0.15137511434180498,0.10812508167271784,0.8932496075353218,0.7400208887946538,0
2025-08,occ22_08,Educational Instruction and Library Occupations,0.4761904761904761,0.14855003172368633,0.07073811034461253,0.7488226059654631,0.9590229433518596,0
2025-08,occ22_09,"Arts, Design, Entertainment, Sports, and Media Occupations",0.3809523809523809,0.16126793487571142,0.061435403762175766,0.6781789638932496,0.7108046809483876,0
2025-08,occ22_10,Healthcare Practitioners and Technical Occupations,0.8095238095238095,0.10323994529881035,0.08357519381332267,0.8069073783359497,0.9366029655822332,0
2025-08,occ22_11,Healthcare Support Occupations,0.5238095238095238,0.10296414115725215,0.053933597749036846,0.6200941915227629,0.9687580558539204,0
2025-08,occ22_12,Protective Service Occupations,0.6666666666666666,0.14134024401795242,0.0942268293453016,0.8555729984301413,0.3690887899051142,1
2025-08,occ22_13,Food Preparation and Serving Related Occupations,0.0,0.0996184234497581,0.0,0.02197802197802198,0.1285775149667609,1
2025-08,occ22_14,Building and Grounds Cleaning and Maintenance Occupations,0.0476190476190476,0.13898420339815665,0.006618295399912219,0.11145996860282574,0.722387548485819,0
2025-08,occ22_15,Personal Care and Service Occupations,0.0952380952380952,0.1230732599615671,0.011721262853482576,0.22448979591836735,0.3321128382997038,1
2025-08,occ22_16,Sales and Related Occupations,0.238095238095238,0.08277906037021077,0.019709300088145414,0.3029827315541601,0.8138577421401217,0
2025-08,occ22_17,Office and Administrative Support Occupations,0.5714285714285714,0.12289568691318185,0.07022610680753248,0.7456828885400314,0.6655390310494093,0
2025-08,occ22_18,"Farming, Fishing, and Forestry Occupations",0.1904761904761904,0.08042973356796634,0.015319949251041203,0.2653061224489796,0.1632273572497619,1
2025-08,occ22_19,Construction and Extraction Occupations,0.2857142857142857,0.11616050960089326,0.03318871702882664,0.41601255886970173,0.1118327876222348,1
2025-08,occ22_20,"Installation, Maintenance, and Repair Occupations",0.4285714285714285,0.10443155732343316,0.04475638171004278,0.5274725274725275,0.4678636830586449,1
2025-08,occ22_21,Production Occupations,0.3333333333333333,0.05969733618381094,0.019899112061270312,0.30612244897959184,0.8395652507082461,0
2025-08,occ22_22,Transportation and Material Moving Occupations,0.1428571428571428,0.08344141471434204,0.011920202102048857,0.22919937205651492,0.4341219397622235,1
2025-09,occ22_01,Management Occupations,0.7619047619047619,0.13163491791450013,0.1002932707920001,0.8775510204081632,0.6810080944083203,0
2025-09,occ22_02,Business and Financial Operations Occupations,0.9047619047619048,0.14221256318433148,0.1286685095477285,0.9372056514913658,0.7097463828669083,0
2025-09,occ22_03,Computer and Mathematical Occupations,1.0,0.16116895851717158,0.16116895851717158,0.9654631083202512,0.8641926333607427,0
2025-09,occ22_04,Architecture and Engineering Occupations,0.8571428571428571,0.11310181965793331,0.09694441684965711,0.8728414442700158,0.7506096088375753,0
2025-09,occ22_05,"Life, Physical, and Social Science Occupations",0.9523809523809524,0.1291152643419166,0.12296691842087297,0.9277864992150706,0.6380444849942631,0
2025-09,occ22_06,Community and Social Service Occupations,0.6190476190476191,0.1178796599159613,0.0729731228051189,0.7660910518053375,0.7328886536635482,0
2025-09,occ22_07,Legal Occupations,0.7142857142857143,0.15436352971000394,0.11025966407857425,0.902668759811617,0.7400208887946538,0
2025-09,occ22_08,Educational Instruction and Library Occupations,0.4761904761904761,0.15097240511898585,0.07189162148523134,0.7582417582417582,0.9590229433518596,0
2025-09,occ22_09,"Arts, Design, Entertainment, Sports, and Media Occupations",0.3809523809523809,0.16600433672823367,0.06323974732504138,0.6860282574568289,0.7108046809483876,0
2025-09,occ22_10,Healthcare Practitioners and Technical Occupations,0.8095238095238095,0.1057534888518129,0.08560996716575331,0.8131868131868132,0.9366029655822332,0
2025-09,occ22_11,Healthcare Support Occupations,0.5238095238095238,0.10545967317335557,0.0552407811860434,0.6326530612244898,0.9687580558539204,0
2025-09,occ22_12,Protective Service Occupations,0.6666666666666666,0.1439102036008833,0.0959401357339222,0.8634222919937206,0.3690887899051142,1
2025-09,occ22_13,Food Preparation and Serving Related Occupations,0.0,0.10185853470115544,0.0,0.02197802197802198,0.1285775149667609,1
2025-09,occ22_14,Building and Grounds Cleaning and Maintenance Occupations,0.0476190476190476,0.14156801615915307,0.0067413341028168105,0.11459968602825746,0.722387548485819,0
2025-09,occ22_15,Personal Care and Service Occupations,0.0952380952380952,0.12622301523019988,0.012021239545733317,0.23076923076923078,0.3321128382997038,1
2025-09,occ22_16,Sales and Related Occupations,0.238095238095238,0.08590219294532234,0.020452903082219597,0.315541601255887,0.8138577421401217,0
2025-09,occ22_17,Office and Administrative Support Occupations,0.5714285714285714,0.12638951730548886,0.07222258131742221,0.7598116169544741,0.6655390310494093,0
2025-09,occ22_18,"Farming, Fishing, and Forestry Occupations",0.1904761904761904,0.08116953783458365,0.0154608643494445,0.271585557299843,0.1632273572497619,1
2025-09,occ22_19,Construction and Extraction Occupations,0.2857142857142857,0.11780432137809324,0.03365837753659807,0.42543171114599687,0.1118327876222348,1
2025-09,occ22_20,"Installation, Maintenance, and Repair Occupations",0.4285714285714285,0.10746582397831399,0.0460567817049917,0.5416012558869702,0.4678636830586449,1
2025-09,occ22_21,Production Occupations,0.3333333333333333,0.05888529506500447,0.01962843168833482,0.30141287284144425,0.8395652507082461,0
2025-09,occ22_22,Transportation and Material Moving Occupations,0.1428571428571428,0.08513961622180766,0.012162802317401088,0.2370486656200942,0.4341219397622235,1
2025-11,occ22_01,Management Occupations,0.7619047619047619,0.16879197343658175,0.1286034083326337,0.9356357927786499,0.6810080944083203,0
2025-11,occ22_02,Business and Financial Operations Occupations,0.9047619047619048,0.18130785191647977,0.1640404374482436,0.967032967032967,0.7097463828669083,0
2025-11,occ22_03,Computer and Mathematical Occupations,1.0,0.20459595745202375,0.20459595745202375,0.989010989010989,0.8641926333607427,0
2025-11,occ22_04,Architecture and Engineering Occupations,0.8571428571428571,0.1502024451617441,0.12874495299578065,0.9387755102040817,0.7506096088375753,0
2025-11,occ22_05,"Life, Physical, and Social Science Occupations",0.9523809523809524,0.1669867278366969,0.1590349788920923,0.9638932496075353,0.6380444849942631,0
2025-11,occ22_06,Community and Social Service Occupations,0.6190476190476191,0.14916397452644173,0.09233960327827345,0.8461538461538461,0.7328886536635482,0
2025-11,occ22_07,Legal Occupations,0.7142857142857143,0.196879782517701,0.14062841608407214,0.9497645211930926,0.7400208887946538,0
2025-11,occ22_08,Educational Instruction and Library Occupations,0.4761904761904761,0.1928633461743047,0.09183968865443079,0.8430141287284144,0.9590229433518596,0
2025-11,occ22_09,"Arts, Design, Entertainment, Sports, and Media Occupations",0.3809523809523809,0.21039736217434502,0.08015137606641713,0.7959183673469388,0.7108046809483876,0
2025-11,occ22_10,Healthcare Practitioners and Technical Occupations,0.8095238095238095,0.13382386645474775,0.10833360617765295,0.8963893249607535,0.9366029655822332,0
2025-11,occ22_11,Healthcare Support Occupations,0.5238095238095238,0.1328577541289902,0.06959215692470916,0.7394034536891679,0.9687580558539204,0
2025-11,occ22_12,Protective Service Occupations,0.6666666666666666,0.18421341007387415,0.12280894004924943,0.9262166405023547,0.3690887899051142,1
2025-11,occ22_13,Food Preparation and Serving Related Occupations,0.0,0.1324909466207848,0.0,0.02197802197802198,0.1285775149667609,1
2025-11,occ22_14,Building and Grounds Cleaning and Maintenance Occupations,0.0476190476190476,0.18107647015759926,0.008622689055123771,0.1554160125588697,0.722387548485819,0
2025-11,occ22_15,Personal Care and Service Occupations,0.0952380952380952,0.15988111947528066,0.015226773283360058,0.2621664050235479,0.3321128382997038,1
2025-11,occ22_16,Sales and Related Occupations,0.238095238095238,0.11371458880127902,0.027074902095542613,0.3642072213500785,0.8138577421401217,0
2025-11,occ22_17,Office and Administrative Support Occupations,0.5714285714285714,0.16164722896000278,0.09236984512000158,0.8492935635792779,0.6655390310494093,0
2025-11,occ22_18,"Farming, Fishing, and Forestry Occupations",0.1904761904761904,0.1115460313049921,0.021246863105712773,0.3202511773940345,0.1632273572497619,1
2025-11,occ22_19,Construction and Extraction Occupations,0.2857142857142857,0.15477192275556179,0.04422054935873194,0.5243328100470958,0.1118327876222348,1
2025-11,occ22_20,"Installation, Maintenance, and Repair Occupations",0.4285714285714285,0.1407823789740416,0.06033530527458925,0.6656200941915228,0.4678636830586449,1
2025-11,occ22_21,Production Occupations,0.3333333333333333,0.08780597407566834,0.029268658025222778,0.3751962323390895,0.8395652507082461,0
2025-11,occ22_22,Transportation and Material Moving Occupations,0.1428571428571428,0.11454830299926938,0.016364043285609906,0.27472527472527475,0.4341219397622235,1
2025-12,occ22_01,Management Occupations,0.7619047619047619,0.20297764477472044,0.1546496341140727,0.957613814756672,0.6810080944083203,0
2025-12,occ22_02,Business and Financial Operations Occupations,0.9047619047619048,0.21691199995281443,0.19625371424302257,0.9874411302982732,0.7097463828669083,0
2025-12,occ22_03,Computer and Mathematical Occupations,1.0,0.23915922957278207,0.23915922957278207,0.9968602825745683,0.8641926333607427,0
2025-12,occ22_04,Architecture and Engineering Occupations,0.8571428571428571,0.18099933171191293,0.15514228432449678,0.9591836734693877,0.7506096088375753,0
2025-12,occ22_05,"Life, Physical, and Social Science Occupations",0.9523809523809524,0.2009918668655113,0.19142082558620124,0.9827315541601256,0.6380444849942631,0
2025-12,occ22_06,Community and Social Service Occupations,0.6190476190476191,0.1865489432036881,0.11548267912609263,0.9120879120879121,0.7328886536635482,0
2025-12,occ22_07,Legal Occupations,0.7142857142857143,0.23251025981146417,0.1660787570081887,0.9701726844583988,0.7400208887946538,0
2025-12,occ22_08,Educational Instruction and Library Occupations,0.4761904761904761,0.22831777603750691,0.10872275049405089,0.8979591836734694,0.9590229433518596,0
2025-12,occ22_09,"Arts, Design, Entertainment, Sports, and Media Occupations",0.3809523809523809,0.24293479415344232,0.09254658824893039,0.8508634222919937,0.7108046809483876,0
2025-12,occ22_10,Healthcare Practitioners and Technical Occupations,0.8095238095238095,0.1707589712758156,0.138233452937565,0.9466248037676609,0.9366029655822332,0
2025-12,occ22_11,Healthcare Support Occupations,0.5238095238095238,0.17081700154871288,0.08947557223980199,0.8320251177394035,0.9687580558539204,0
2025-12,occ22_12,Protective Service Occupations,0.6666666666666666,0.2189337459053727,0.1459558306035818,0.9529042386185244,0.3690887899051142,1
2025-12,occ22_13,Food Preparation and Serving Related Occupations,0.0,0.1638079418491497,0.0,0.02197802197802198,0.1285775149667609,1
2025-12,occ22_14,Building and Grounds Cleaning and Maintenance Occupations,0.0476190476190476,0.21625873477211227,0.0102980349891482,0.18053375196232338,0.722387548485819,0
2025-12,occ22_15,Personal Care and Service Occupations,0.0952380952380952,0.19559810429801844,0.01862839088552556,0.28885400313971743,0.3321128382997038,1
2025-12,occ22_16,Sales and Related Occupations,0.238095238095238,0.1408443521003251,0.03353436954769644,0.42229199372056514,0.8138577421401217,0
2025-12,occ22_17,Office and Administrative Support Occupations,0.5714285714285714,0.19653695836468532,0.11230683335124875,0.9073783359497645,0.6655390310494093,0
2025-12,occ22_18,"Farming, Fishing, and Forestry Occupations",0.1904761904761904,0.13877308511623593,0.02643296859356874,0.3579277864992151,0.1632273572497619,1
2025-12,occ22_19,Construction and Extraction Occupations,0.2857142857142857,0.18655751946338064,0.05330214841810875,0.6106750392464678,0.1118327876222348,1
2025-12,occ22_20,"Installation, Maintenance, and Repair Occupations",0.4285714285714285,0.17114930041152257,0.0733497001763668,0.7708006279434851,0.4678636830586449,1
2025-12,occ22_21,Production Occupations,0.3333333333333333,0.11328014147039346,0.037760047156797816,0.46153846153846156,0.8395652507082461,0
2025-12,occ22_22,Transportation and Material Moving Occupations,0.1428571428571428,0.141884610515121,0.020269230073588704,0.31240188383045525,0.4341219397622235,1
2026-01,occ22_01,Management Occupations,0.7619047619047619,0.2386628404112085,0.18183835459901598,0.9764521193092621,0.6810080944083203,0
2026-01,occ22_02,Business and Financial Operations Occupations,0.9047619047619048,0.254166319921309,0.2299600037383272,0.9937205651491365,0.7097463828669083,0
2026-01,occ22_03,Computer and Mathematical Occupations,1.0,0.27692920870806625,0.27692920870806625,1.0,0.8641926333607427,0
2026-01,occ22_04,Architecture and Engineering Occupations,0.8571428571428571,0.21639780814192838,0.18548383555022432,0.9811616954474097,0.7506096088375753,0
2026-01,occ22_05,"Life, Physical, and Social Science Occupations",0.9523809523809524,0.2385324506890354,0.2271737625609861,0.9905808477237049,0.6380444849942631,0
2026-01,occ22_06,Community and Social Service Occupations,0.6190476190476191,0.2222403754364476,0.13757737527018185,0.945054945054945,0.7328886536635482,0
2026-01,occ22_07,Legal Occupations,0.7142857142857143,0.27278827370109,0.19484876692935,0.9858712715855573,0.7400208887946538,0
2026-01,occ22_08,Educational Instruction and Library Occupations,0.4761904761904761,0.2686764557222796,0.1279411693915617,0.9340659340659341,0.9590229433518596,0
2026-01,occ22_09,"Arts, Design, Entertainment, Sports, and Media Occupations",0.3809523809523809,0.2786657790246103,0.10615839200937534,0.8869701726844584,0.7108046809483876,0
2026-01,occ22_10,Healthcare Practitioners and Technical Occupations,0.8095238095238095,0.20438662559501694,0.16545583976739467,0.9686028257456829,0.9366029655822332,0
2026-01,occ22_11,Healthcare Support Occupations,0.5238095238095238,0.20475627539064686,0.10725328710938646,0.8901098901098901,0.9687580558539204,0
2026-01,occ22_12,Protective Service Occupations,0.6666666666666666,0.2578118087935747,0.17187453919571644,0.9748822605965463,0.3690887899051142,1
2026-01,occ22_13,Food Preparation and Serving Related Occupations,0.0,0.19520981117858804,0.0,0.02197802197802198,0.1285775149667609,1
2026-01,occ22_14,Building and Grounds Cleaning and Maintenance Occupations,0.0476190476190476,0.2549971758428255,0.012142722659182162,0.23547880690737832,0.722387548485819,0
2026-01,occ22_15,Personal Care and Service Occupations,0.0952380952380952,0.2304588067294508,0.02194845778375721,0.3249607535321821,0.3321128382997038,1
2026-01,occ22_16,Sales and Related Occupations,0.238095238095238,0.16723342036544175,0.039817481039390874,0.4803767660910518,0.8138577421401217,0
2026-01,occ22_17,Office and Administrative Support Occupations,0.5714285714285714,0.2318154211921596,0.13246595496694832,0.9403453689167975,0.6655390310494093,0
2026-01,occ22_18,"Farming, Fishing, and Forestry Occupations",0.1904761904761904,0.16855395017134384,0.032105514318351194,0.40345368916797486,0.1632273572497619,1
2026-01,occ22_19,Construction and Extraction Occupations,0.2857142857142857,0.22221468128470018,0.06348990893848576,0.6891679748822606,0.1118327876222348,1
2026-01,occ22_20,"Installation, Maintenance, and Repair Occupations",0.4285714285714285,0.20231481972558601,0.08670635131096542,0.8194662480376766,0.4678636830586449,1
2026-01,occ22_21,Production Occupations,0.3333333333333333,0.14210950461446795,0.04736983487148931,0.5525902668759811,0.8395652507082461,0
2026-01,occ22_22,Transportation and Material Moving Occupations,0.1428571428571428,0.1705205037921096,0.02436007197030136,0.34065934065934067,0.4341219397622235,1
2026-02,occ22_01,Management Occupations,0.7619047619047619,0.2390059024941792,0.18209973523366033,0.978021978021978,0.6810080944083203,0
2026-02,occ22_02,Business and Financial Operations Occupations,0.9047619047619048,0.2547036430834452,0.2304461532659742,0.9952904238618524,0.7097463828669083,0
2026-02,occ22_03,Computer and Mathematical Occupations,1.0,0.2739699938794852,0.2739699938794852,0.9984301412872841,0.8641926333607427,0
2026-02,occ22_04,Architecture and Engineering Occupations,0.8571428571428571,0.21625439547893585,0.18536091041051644,0.9795918367346939,0.7506096088375753,0
2026-02,occ22_05,"Life, Physical, and Social Science Occupations",0.9523809523809524,0.23883797404667062,0.22746473718730537,0.9921507064364207,0.6380444849942631,0
2026-02,occ22_06,Community and Social Service Occupations,0.6190476190476191,0.22673108657918234,0.1403573393109224,0.9481946624803768,0.7328886536635482,0
2026-02,occ22_07,Legal Occupations,0.7142857142857143,0.27129681705900727,0.19378344075643378,0.9843014128728415,0.7400208887946538,0
2026-02,occ22_08,Educational Instruction and Library Occupations,0.4761904761904761,0.2672640547584493,0.12726859750402345,0.9324960753532182,0.9590229433518596,0
2026-02,occ22_09,"Arts, Design, Entertainment, Sports, and Media Occupations",0.3809523809523809,0.2730285866548686,0.10401089015423565,0.8854003139717426,0.7108046809483876,0
2026-02,occ22_10,Healthcare Practitioners and Technical Occupations,0.8095238095238095,0.20989717822395,0.16991676332414998,0.9717425431711146,0.9366029655822332,0
2026-02,occ22_11,Healthcare Support Occupations,0.5238095238095238,0.21129659509509016,0.11067916885933295,0.9042386185243328,0.9687580558539204,0
2026-02,occ22_12,Protective Service Occupations,0.6666666666666666,0.2566023687680741,0.17106824584538272,0.9733124018838305,0.3690887899051142,1
2026-02,occ22_13,Food Preparation and Serving Related Occupations,0.0,0.19590074529422324,0.0,0.02197802197802198,0.1285775149667609,1
2026-02,occ22_14,Building and Grounds Cleaning and Maintenance Occupations,0.0476190476190476,0.25459065012573656,0.012123364291701737,0.23390894819466249,0.722387548485819,0
2026-02,occ22_15,Personal Care and Service Occupations,0.0952380952380952,0.23238581849751977,0.022131982714049495,0.32653061224489793,0.3321128382997038,1
2026-02,occ22_16,Sales and Related Occupations,0.238095238095238,0.16580461539609906,0.03947728938002357,0.47566718995290425,0.8138577421401217,0
2026-02,occ22_17,Office and Administrative Support Occupations,0.5714285714285714,0.2333873114097269,0.13336417794841537,0.9434850863422292,0.6655390310494093,0
2026-02,occ22_18,"Farming, Fishing, and Forestry Occupations",0.1904761904761904,0.1687289061776419,0.032138839271931785,0.4065934065934066,0.1632273572497619,1
2026-02,occ22_19,Construction and Extraction Occupations,0.2857142857142857,0.22219062009511087,0.06348303431288882,0.6875981161695447,0.1118327876222348,1
2026-02,occ22_20,"Installation, Maintenance, and Repair Occupations",0.4285714285714285,0.20221812035318262,0.08666490872279253,0.8178963893249608,0.4678636830586449,1
2026-02,occ22_21,Production Occupations,0.3333333333333333,0.1446347168563856,0.048211572285461864,0.5620094191522763,0.8395652507082461,0
2026-02,occ22_22,Transportation and Material Moving Occupations,0.1428571428571428,0.16968857452876457,0.024241224932680643,0.3390894819466248,0.4341219397622235,1
